ncode,narou_title,is_book,amazon_asin_vol1,amazon_url_vol1,amazon_title_vol1,amazon_rating,amazon_review_count,match_score,checked_at
N1189MF,今世で勝ち組だった俺、娘にイケメン彼氏ができたと思ったら、王家に喧嘩を売られた,False,,,,,,0.0,2026-06-23
N3126MF,【第三部開始】当て馬令嬢リベルタ〜転生喪女はゴーインニマイウェー〜,False,,,,,,0.0,2026-06-23
N6050MG,【コミカライズ決定】病弱な幼馴染みを優先する婚約者に「頑強なだけが取り柄」と言われたので、いっそのこと女騎士になろうとした結果,False,,,,,,0.0,2026-06-23
N1602MG,夜会の受付嬢は見た。いや、見ていない。,False,,,,,,0.0,2026-06-23
N6882MG,やってられない婚約破棄,False,,,,,,0.0,2026-06-23
N5398MG,婚約解消された私とあなたのその後の話,False,,,,,,0.0,2026-06-23
N0920MF,【電子書籍化決定】「女に嫌われる女」について、もう少し考えた方がいい,False,,,,,,0.0,2026-06-23
N0412MF,婚約破棄の現場に居合わせたモブ令嬢ですが、その証言ひとつで王子の人生が終わりました,False,,,,,,0.0,2026-06-23
N8528MF,離縁されましたが、義理の息子が「いかないで」と泣くので困っています,False,,,,,,0.0,2026-06-23
N7272MD,あなたがワインを浴びせた相手は、&quot;子爵令嬢&quot;じゃありませんわ,False,,,,,,0.0,2026-06-23
N2468MC,【感謝！1000万PV達成！】45歳社長、転生先でハズレスキル「綻びの目」を武器に没落領地を再建する,False,,,,,,0.0,2026-06-23
N8883MC,カフェにて～転生令嬢は人生を楽しむことにした,False,,,,,,0.0,2026-06-23
N3181MH,子供ができない女と離縁された私は、七人目の継母としてワケあり伯爵家に嫁ぐ,False,,,,,,0.0,2026-06-23
N2591MG,初恋の花は枯れた【電子書籍化決定】,False,,,,,,0.0,2026-06-23
N2469MF,「政略結婚は時代遅れ」だそうなので、公爵は王家を見捨てます,False,,,,,,0.0,2026-06-23
N3623MH,英雄になった夫が実在していた件について 〜待つ妻ごっこをしていた未婚の私のもとへ勇者様が帰ってきた。誰だお前〜,False,,,,,,0.0,2026-06-23
N3011MH,聖女に選ばれましたが相応しくないそうなので、帰って実家の畑を手伝います,False,,,,,,0.0,2026-06-23
N3445MG,夫が戦地から新しい妻を連れ帰ったので、全てを奪うことにした,False,,,,,,0.0,2026-06-23
N5367MH,はい。わたくしが辺境伯に嫁いだばかりの妻です,False,,,,,,0.0,2026-06-23
N9517ME,勇者様がギルド酒場で顔面から転んだらしい。治癒士の私は何もしていません,False,,,,,,0.0,2026-06-23
N9677MD,悪役令嬢の父は、家族の死亡フラグをすべて叩き潰すことにした,False,,,,,,0.0,2026-06-23
N9282MG,「自サバ女を見習え」って？ 何を仰ってるの？,False,,,,,,0.0,2026-06-23
N4547MF,完結　生贄の小舟,False,,,,,,0.0,2026-06-23
N9856ME,【悲報】わたくしのド下手な刺繍に付与魔法がついていた,False,,,,,,0.0,2026-06-23
N8444MF,王太子に「二度と戻るな」と魔法契約で追放されました。戻ってこいとのご命令ですが、契約書をご確認ください,False,,,,,,0.0,2026-06-23
N6871MD,ドアマットヒロインになる展開は最初に潰したので。,False,,,,,,0.0,2026-06-23
N9727MG,『やったー！貴方と結婚できて最高に嬉しい』とあまりに妻が言うのでだんだんその気になって来た男爵,False,,,,,,0.0,2026-06-23
N8222MH,綺麗なままではいられない,False,,,,,,0.0,2026-06-23
N9769MF,笑顔が好きだった,False,,,,,,0.0,2026-06-23
N2240MH,夫に名前を覚えてもらえない妻ラウラの一年間、のち離婚,False,,,,,,0.0,2026-06-23
N9717MF,ブスと言う言葉を知るのは何歳？,False,,,,,,0.0,2026-06-23
N5498MC,テンプレートに物申す花嫁,False,,,,,,0.0,2026-06-23
N6599MG,お心のままに動いた結果でしょう？,False,,,,,,0.0,2026-06-23
N7620ME,【コミカライズ進行中】隣国に留学に行った婚約者（王太子）が悪役令嬢を連れて帰ってきた,False,,,,,,0.0,2026-06-23
N6070MF,「どれだけ顔の良い幼馴染みだったとしても両想いになれるとは限らないし、ツンデレなんて性格も相手にデレが伝わってなければ、ただの性格の悪いクズ野郎にしか思えないから」そう少女は吐き捨てた,False,,,,,,0.0,2026-06-23
N3541MH,石橋を叩いて渡って、追いかけて,False,,,,,,0.0,2026-06-23
N9803LT,侯爵令嬢リスティ・オートルの初恋,False,,,,,,0.0,2026-06-23
N4241MI,彼女は騎士科の仲間なのだ。男友達みたいなものだよ～ちょっと、婚約者相手だからって、フィリップったら言いすぎだよ！（笑）～,False,,,,,,0.0,2026-06-23
N5289MG,婚約破棄の現場で「貴族らしからぬ素直さ」と殿下に絶賛されたので、ぶっちゃけストーカーされて大迷惑だった件を素直にぶちまけてみた,False,,,,,,0.0,2026-06-23
N7983MF,政略結婚した継母ですが、怯えていた子供が最近笑顔を見せてくれるようになりました,False,,,,,,0.0,2026-06-23
N8331MH,『病弱』な幼馴染、そして終わり,False,,,,,,0.0,2026-06-23
N9431LU,降嫁先がいいところだった,False,,,,,,0.0,2026-06-23
N9175MC,テンプレートをはたき落とす夫人,False,,,,,,0.0,2026-06-23
N4768MF,聖女に選ばれたのは姉ではなく自分でした,False,,,,,,0.0,2026-06-23
N0520ME,病弱な幼馴染のために娘の部屋を明け渡せと言われたので、夫ごと捨てます～前世で読んだ物語では娘が死んでから溺愛されるそうですが、そんな展開はお断りです～,False,,,,,,0.0,2026-06-23
N0585MH,聖女候補の面接で「志望動機は？」と聞かれました,False,,,,,,0.0,2026-06-23
N4405MH,みんな幸せね！,False,,,,,,0.0,2026-06-23
N9599MF,公爵令嬢と子爵令息の婚約。自由にしてあげてと言われましても,False,,,,,,0.0,2026-06-23
N4416MI,談話室にて～転生令嬢は暗躍しないのである,False,,,,,,0.0,2026-06-23
N4235MG,護衛の述懐,False,,,,,,0.0,2026-06-23
N9673MF,あなたを好きだと言いましたっけ？,False,,,,,,0.0,2026-06-23
N9464MF,生涯一度の「真実の愛」。代償を差し出してまで宣言されるなんてロマンチックですわね……え、ご存じない？,False,,,,,,0.0,2026-06-23
N6258MD,テンプレートが立ちはだかる日常,False,,,,,,0.0,2026-06-23
N0634MI,きっと後世では格好良く名前が付けられるだろう、妹に泣きつかれた兄の報復。,False,,,,,,0.0,2026-06-23
N3407MH,適切な距離を守れと言われて、婚約解消しました,False,,,,,,0.0,2026-06-23
N8755KR,【書籍化＆コミカライズ】双子の妹に殺された姉、二度目の人生は初恋のイケおじ王弟にフルベットします！,False,,,,,,0.0,2026-06-23
N0443MH,今世で勝ち組辺境男爵の俺、家族を守るため王位継承争いに殴り込む,False,,,,,,0.0,2026-06-23
N1748MF,この国で最も高貴なお嬢様による権力の使い方,False,,,,,,0.0,2026-06-23
N6594IU,王妃殿下は愚痴の聞き役,False,,,,,,0.0,2026-06-23
N8116MH,【短編】お前は誰だと婚約者は言った,False,,,,,,0.0,2026-06-23
N0530MG,『サポートキャラ？致しませんわ。』,False,,,,,,0.0,2026-06-23
N0928MI,お姉様は、私が殿下に愛されているのが許せないだけなのです,False,,,,,,0.0,2026-06-23
N6816MG,呪われてるのか？と王子は思った。,False,,,,,,0.0,2026-06-23
N3563MG,婚約破棄後のカーテシーを誰も見ない,False,,,,,,0.0,2026-06-23
N3364MF,婚約者がまた病弱な幼なじみのお見舞いへ行ったので、婚約式は私ひとりで終わらせました,False,,,,,,0.0,2026-06-23
N1969MA,王妃の決意,False,,,,,,0.0,2026-06-23
N4856MC,ないがしろにされ続けた“サレ令嬢”の復讐,False,,,,,,0.0,2026-06-23
N8143MF,ずっと補助聖女をやっていましたが、辺境ではしっかり守護します――王都神殿にはもう戻れません,False,,,,,,0.0,2026-06-23
N4891MH,貧乏令嬢はホワイトハッカー ～暗号解読で敵軍を丸裸にしたら冷徹辺境伯に囲い込まれました～,False,,,,,,0.0,2026-06-23
N3694MH,【6/11追記】国王の子である異父妹は伯爵家の娘である私のことを可哀想だと見下すけど、本当にそうかしら？,False,,,,,,0.0,2026-06-23
N9257MF,婚約者達が平民をちやほやするから私たちも見習ってみました,False,,,,,,0.0,2026-06-23
N5098MH,【サラ視点追加】私の真似ばかりする自称大親友に、最愛の人（笑）を盗られました,False,,,,,,0.0,2026-06-23
N8817IQ,【4/4コミカライズ開始】公爵家の長女でした,False,,,,,,0.0,2026-06-23
N9068MH,婚約者が幼馴染を優先した回数を数えていたら、五十回目で婚約が終わりました,False,,,,,,0.0,2026-06-23
N8367MF,家が続くならどちらでもいいそうなので、妹と元婚約者に任せて家を出ました,False,,,,,,0.0,2026-06-23
N1562MH,母の葬儀で涙を流さなかったので、家族に捨てられました？,False,,,,,,0.0,2026-06-23
N3625MG,【短編版】「君なら我慢できるだろう」と義妹を優先されたので、婚約を白紙にしました,False,,,,,,0.0,2026-06-23
N1290MI,婚約破棄ですか？ 残念ですが私、最初から殿下の婚約者ではありません ～勘違い逆ハーレムに付きまとわれた悪役令嬢は最強魔導士の妻でした～,False,,,,,,0.0,2026-06-23
N2354MI,ありがとう、お姉様。私、今幸せです。,False,,,,,,0.0,2026-06-23
N2271MF,鼻歌の令嬢は知らない、全ての至高が彼女を奪い合う戦場になることを,False,,,,,,0.0,2026-06-23
N3097ME,異世界で『サレ妻スレ』に参加したら、愛人の城が焼けて夫終了のお知らせ,False,,,,,,0.0,2026-06-23
N2573MH,五年前から、知っていた,False,,,,,,0.0,2026-06-23
N5346MF,龍の刺繍のハンカチを、あなたに。えっ、なんで婚約者を捨てる話に？,False,,,,,,0.0,2026-06-23
N0382MC,転生モブ令嬢の私がなぜか王太子殿下と婚約をすっ飛ばして結婚した,False,,,,,,0.0,2026-06-23
N0405MF,【書籍化進行中】陰気で卑屈な王子を全肯定し続けたら、愛が重すぎる超有能王太子に覚醒しました。,False,,,,,,0.0,2026-06-23
N6315LK,斯くして彼女は檻の中。,False,,,,,,0.0,2026-06-23
N0514MF,似たもの夫婦の幸せ,False,,,,,,0.0,2026-06-23
N2280MC,【完結】異母妹に『ずるい』と言われ全て奪われたので、より『ずるく』生きてみせます【5/29後日談追加】,False,,,,,,0.0,2026-06-23
N7141LJ,呪（まじな）いは真実の愛で。,False,,,,,,0.0,2026-06-23
N5502MF,妹と婚約者が相思相愛になったので,False,,,,,,0.0,2026-06-23
N2688MF,一〇分差デブ王子の勝因は何もしなかったから,False,,,,,,0.0,2026-06-23
N3678MG,【電子書籍化決定】『女の敵は女』だけとは限らない,False,,,,,,0.0,2026-06-23
N8455MF,可哀想な病弱令嬢を演じ続けた妹は、もう誰にも愛されない,False,,,,,,0.0,2026-06-23
N4417JO,婚約破棄したら速攻で婚約者の父親が出てきた件,False,,,,,,0.0,2026-06-23
N7770MH,「お前の代わりは居る」と私に言っていた婚約者の代わりが見つかりました,False,,,,,,0.0,2026-06-23
N1536JT,女なんてみんな同じだ、という主張からの円満婚約解消する方法,False,,,,,,0.0,2026-06-23
N7921MH,【お慕いしておりました】悪役令嬢は涙を流しながら微笑む　〜五年かけて仕込んだ復讐が今夜完成いたしますわ〜,False,,,,,,0.0,2026-06-23
N0647MD,テンプレートを繰り返す一族,False,,,,,,0.0,2026-06-23
N7474MH,飽き性姉と欲しがり妹,False,,,,,,0.0,2026-06-23
N5441MF,「お姉さま、婚約者さまを許してあげて」と妹が言う。浮気相手はお前なのだが。,False,,,,,,0.0,2026-06-23
N5601MI,善人ぶる婚約者が、いつも私だけを悪者に仕立て上げるので、もう我慢するのをやめました 【短編版】,False,,,,,,0.0,2026-06-23
N5754MG,お前なら分かってくれるだろうと言われたので,False,,,,,,0.0,2026-06-23
N0553MG,婚約破棄された瞬間、“心の実況”が全国に流れ始めました ～「おっと王太子、ここで致命的失言ー！」じゃありませんわ！～,False,,,,,,0.0,2026-06-23
N6726MG,悪役令嬢の飼い猫になったようです,False,,,,,,0.0,2026-06-23
N3532LQ,【完結】なぜ、私に関係あるのかしら？【番外編更新】,False,,,,,,0.0,2026-06-23
N5144MG,【第二部完結】アルジェ・ロッシーニ元王太子妃の剣,False,,,,,,0.0,2026-06-23
N7879JW,私のことだけ忘れた旦那様,False,,,,,,0.0,2026-06-23
N1519MH,そうやって相手を縛り付ける,False,,,,,,0.0,2026-06-23
N3323MC,悪役令嬢に転生したけれど、とりあえず放置していいですか？,False,,,,,,0.0,2026-06-23
N8574MH,忘れてはいけない,False,,,,,,0.0,2026-06-23
N7476ME,あなた方が散々虐げた私こそが本物の聖女です。殿下、今のお気持ちはいかがですか？,False,,,,,,0.0,2026-06-23
N0148MB,すれ違わない政略結婚,False,,,,,,0.0,2026-06-23
N9728MG,【短編】私を捨てた貴方を今度は私が捨てます,False,,,,,,0.0,2026-06-23
N0165MI,なんでもほしがる妹に私の人生をあげてみた,False,,,,,,0.0,2026-06-23
N7559MH,短編「うちのお父様は『遊び人』がお仕事です」,False,,,,,,0.0,2026-06-23
N0385MF,婚約者の幼なじみがしつこく絡んでくるのですが、前世の素敵なカフェバーのマスターだったおっさんの助言通りにシカトしてみた。,False,,,,,,0.0,2026-06-23
N6960MC,【連載版】最低な噂をお持ちの侯爵閣下と契約結婚しましたが、それはさておき義娘がとてもすごくかわいい,False,,,,,,0.0,2026-06-23
N0177LI,兄嫁と再婚するから離婚してくれと土下座されました,False,,,,,,0.0,2026-06-23
N8421MF,「君では代わりになれない」と言われたので婚約破棄をしたら、相手が公開処刑されてしまいました。,False,,,,,,0.0,2026-06-23
N3526MI,陛下に申し上げただけですわ【6/22　続き・おまけ投稿しました】,False,,,,,,0.0,2026-06-23
N1852MH,私を裏切って義妹と結婚した人が私に会いたいそうです。え、裏切ってない？,False,,,,,,0.0,2026-06-23
N4413MG,ダンジョン湖畔の休憩地   〜限定オリジンスキルで始めた小さな宿屋に、探索者たちが帰ってくる〜,False,,,,,,0.0,2026-06-23
N3629MA,会社をクビになった俺、深夜ダンジョンでゴミ拾いしてたら【鑑定】が覚醒して配信界のトップになった,False,,,,,,0.0,2026-06-23
N1151MI,私の死を待つ皆様へ【連載開始/短編版】,False,,,,,,0.0,2026-06-23
N4292MF,必要なのは「血」である,False,,,,,,0.0,2026-06-23
N3453MB,婚約解消は陛下の命令です、なおその後,False,,,,,,0.0,2026-06-23
N3543MF,だって貴方が言ったのよ「お前は悪役令嬢だ」と〜その冤罪すべて認めて差し上げますわ,False,,,,,,0.0,2026-06-23
N1545MG,婚約破棄中の王子の隣で男爵令嬢がこてんと首を傾げたら,False,,,,,,0.0,2026-06-23
N5488MG,焼きたての香りが消えるころ、わたしの初恋も終わりを告げました。私は、もうあなたを待ちません。,False,,,,,,0.0,2026-06-23
N4384ME,姉が産んだ子を育てたら、愛に溢れた毎日が舞い込んできました～娘は竜人族の長の『魂の番』で、私も一緒に竜人国へ連れ去られるようです～,False,,,,,,0.0,2026-06-23
N1556MI,私の可哀想な異母妹,False,,,,,,0.0,2026-06-23
N1060MH,一方通行の恋を捨てて逃亡したら仕事が楽しすぎました～婚約者様は放っておいてください～,False,,,,,,0.0,2026-06-23
N0063LR,もし、社畜が異世界の第三王子に転生したら【連載版】,False,,,,,,0.0,2026-06-23
N6207MH,「叶わぬ恋を抱くことほど、辛いものはないのだから」そう言って、白馬の王子様の元婚約者は悲しそうに微笑んだ,False,,,,,,0.0,2026-06-23
N3874MG,月神様のお気に入り,True,B0CKWHMVTG,https://www.amazon.co.jp/dp/B0CKWHMVTG,竜王様のお気に入り！,,,0.7368,2026-06-23
N5833MG,幼なじみを優先するなら、婚約解消します～婚約者は二番目らしいので身を引きます～,False,,,,,,0.0,2026-06-23
N7526MG,妹に婚約者を奪われたので聖女になりましたが,False,,,,,,0.0,2026-06-23
N2267BE,Ｒｅ：ゼロから始める異世界生活,True,B0DGK7QS1V,https://www.amazon.co.jp/dp/B0DGK7QS1V,Ｒｅゼロから始める異世界生活 1-39巻セット,,,0.7368,2026-06-23
N0287ME,スマホ転移で始める異世界ゆるゆる生活　～日本の商品が高値で売れたのでスローライフを目指すことにしました～,False,,,,,,0.0,2026-06-23
N9880MD,病弱な従妹はオレがいないとダメなんだ　　～単純な解決～,False,,,,,,0.0,2026-06-23
N4346MI,妹のためを思ってしていたことを虐待と言われ婚約破棄されました,False,,,,,,0.0,2026-06-23
N1775JU,鉱石研磨が趣味なおっさんは、異世界で石を磨きながらスローライフを楽しむ事を決意する,False,,,,,,0.0,2026-06-23
N0484MF,「そんな怖い顔をしなくても離婚なんて冗談だよ、冗談」と夫は言った。,False,,,,,,0.0,2026-06-23
N3431MG,「お姉さまだけが家族の肖像画にいらっしゃらないのね」と嬉しそうな妹が笑っていられるのは今のうちだけ。,False,,,,,,0.0,2026-06-23
N6566MF,【完結】10年愛した夫に『隠し子』がいたと知った夜、私は夫の実兄の種を宿した,False,,,,,,0.0,2026-06-23
N9921MD,いや、婚約者じゃなくて、婚約を決めた当主に文句を言えよ。,False,,,,,,0.0,2026-06-23
N0050MF,歴ヲタ令嬢の婚約破棄,False,,,,,,0.0,2026-06-23
N0335ME,捕らえた聖女の目が死んでたので正体隠して面倒見る,False,,,,,,0.0,2026-06-23
N8217MH,泥沼でこそ咲き誇る花もありましてよ。,False,,,,,,0.0,2026-06-23
N4413MF,妻には秘密にしてくださいね？,False,,,,,,0.0,2026-06-23
N5925MG,それは幼馴染を優先したからではなく,False,,,,,,0.0,2026-06-23
N2514MI,婚約破棄をされていますが、全体的にいろいろおかしい,False,,,,,,0.0,2026-06-23
N6568MH,婚約破棄の現場でスタンバイしている王弟だが、王太子の横にいる元平民の心の声が物理的に聞こえてくる,False,,,,,,0.0,2026-06-23
N4513MG,王立学院の推薦状を妹に譲れと言われました。では、入学資格の署名欄は白紙で提出いたします,False,,,,,,0.0,2026-06-23
N4817LW,転生特待生は、食い扶持をゲットしたい,False,,,,,,0.0,2026-06-23
N4670MG,「命がつきるまで君だけを愛する」と言われた次の日に愛人をつくられたので,False,,,,,,0.0,2026-06-23
N2449MH,実は身を引くつもりです。,False,,,,,,0.0,2026-06-23
N8562MF,【短編】悪役令嬢は努力を無駄にされたくない。,False,,,,,,0.0,2026-06-23
N6458MD,ハズレと笑われた『罠』スキルの俺、実は超激レアな最強スキルでした,False,,,,,,0.0,2026-06-23
N5582ME,病弱な幼馴染のご令嬢とどうかお幸せに,False,,,,,,0.0,2026-06-23
N3727MI,この時をお待ちしておりました,False,,,,,,0.0,2026-06-23
N0228MH,触れてはいけない過去がある,False,,,,,,0.0,2026-06-23
N5284MB,押す前から引いてどうする,False,,,,,,0.0,2026-06-23
N6650MI,理想の婚約者でした。でも私は、彼の周りにいる人たちを見て縁談を断りました,False,,,,,,0.0,2026-06-23
N1903MF,【完結】さようなら、私の愛した騎士様。二年間搾取された有能侍女は、冷徹次期侯爵の手を取り完璧な決別を選びます！,False,,,,,,0.0,2026-06-23
N1080MG,私の婚約破棄をおかんが赤飯で祝い始めた件,False,,,,,,0.0,2026-06-23
N0809MG,【長編連載開始】冴えない妹に転生したので,False,,,,,,0.0,2026-06-23
N9503MB,失うものは何もない,False,,,,,,0.0,2026-06-23
N9647MH,婚約破棄は承りましたが、そこの娘との婚姻は不可能です。,False,,,,,,0.0,2026-06-23
N3203MB,『イベント邪魔するな、このモブ！』と叫んだ自称ヒロインが勝手に自爆した件。眺めていただけの私が、なぜかメガネ兄令息とあざと弟令息に全力でロックオンされました,False,,,,,,0.0,2026-06-23
N7003MA,思い通りにはさせません,False,,,,,,0.0,2026-06-23
N9308MH,婚約破棄されたロザモンドと、悪役令嬢A・B・C,False,,,,,,0.0,2026-06-23
N6206MF,あら、殿下。陛下の堪忍袋の緒が切れましたわよ,False,,,,,,0.0,2026-06-23
N4400MG,待遇改善を求めるだけの理由がある〜聖女体験三日間は強制です,False,,,,,,0.0,2026-06-23
N5538MD,【短編】「もう遅い」のその前に～失わせ屋へようこそ～,False,,,,,,0.0,2026-06-23
N1280JN,契約妻、領地奪います,False,,,,,,0.0,2026-06-23
N7483MF,恋多き青年と、わたしの婚約,False,,,,,,0.0,2026-06-23
N4428MH,引きこもり令嬢の恋,False,,,,,,0.0,2026-06-23
N6196ME,心優しき王妃様はざまぁ展開を望まない,False,,,,,,0.0,2026-06-23
N1937MF,お肉が食べたい人生で、パンを糧にしています,False,,,,,,0.0,2026-06-23
N1155MC,魔力が強いやつがモテる世界に生まれ変わったのでモテる為にがんばります,False,,,,,,0.0,2026-06-23
N6114MG,キミを愛することはない！　ならば誰を愛するつもりなんですか？,False,,,,,,0.0,2026-06-23
N8741MH,公爵家の双子には手を出すな,False,,,,,,0.0,2026-06-23
N2963MG,階段キャーのシーンではあの行進曲が聞こえてくる,False,,,,,,0.0,2026-06-23
N0617ME,「昔の栄光にすがってんじゃねー」と婚約破棄した王太子、穏やかな公爵家をブチギレさせ人生終了,False,,,,,,0.0,2026-06-23
N9836MF,火刑に処された私はあの世からのんびり復讐します,False,,,,,,0.0,2026-06-23
N6311MH,「誠実」とは,False,,,,,,0.0,2026-06-23
N8395MF,ブラウン家の呪われた双子,False,,,,,,0.0,2026-06-23
N8290MC,神託少女は今日もテキトーを言う,False,,,,,,0.0,2026-06-23
N0850MF,【完結】君がいなくなって、ようやく恋だと知った     〜幼馴染を失った彼の後悔〜,False,,,,,,0.0,2026-06-23
N0803MG,本当の悪役って、どちらかしら,False,,,,,,0.0,2026-06-23
N1313MF,私の婚約者様との婚約を望む王女様に大事なお話があります,False,,,,,,0.0,2026-06-23
N2055MF,妹が「白いマントは私の方が似合います」と言うので、英雄の婚約者席も凱旋式の役目も譲りました。ですが遺族席を忘れていたようです,False,,,,,,0.0,2026-06-23
N9834MH,あなたがお嫁さんだったら良かったのにと、今更言われましても。私は辺境伯様に大切にされていますので,False,,,,,,0.0,2026-06-23
N8470ME,イリーナはもういない,False,,,,,,0.0,2026-06-23
N1914ME,真実の愛という揮発性物質,False,,,,,,0.0,2026-06-23
N2126MF,【短編】「もう遅い」のその前に～失わせ屋へようこそ～２,False,,,,,,0.0,2026-06-23
N0888MH,妹に奪われた婚約者は、私が支えた優良物件でした　〜結婚相談所で働いていた私が支援をやめたら、妹の理想の婚約者ではなくなりました～,False,,,,,,0.0,2026-06-23
N8594MG,「婚約者を解放してあげて！」と言われましたが、彼、婚約者ではありませんよ？,False,,,,,,0.0,2026-06-23
N0775MH,ヒロインの実家を潰しましたがなにか？,False,,,,,,0.0,2026-06-23
N4517LV,物理で殴る幼児転生 ～「泥靴」と馬鹿にされた男爵家、伝説の現場監督が中に入ったら最短ルートで王都と直結しました～,False,,,,,,0.0,2026-06-23
N0544MF,階段から突き落とした罪を捏造された時の対処法,False,,,,,,0.0,2026-06-23
N6085MI,令嬢のさよならは優雅に,False,,,,,,0.0,2026-06-23
N3059ME,「臆病者の小言」と支援職を笑ってパーティを抜けた元仲間が、七日後の昇級試験で「管理不能な変動要素」と評された話 ,False,,,,,,0.0,2026-06-23
N8368MG,ダンジョンから帰ったら五十年経ってたんだが。～え？昔の仲間が今や大手ギルドの代表？なにそれ知らん……こわ……～,False,,,,,,0.0,2026-06-23
N1972ME,田舎のネズミと都会のネズミのお話。,False,,,,,,0.0,2026-06-23
N5262ME,「あなたの隣を歩きましょう？」,False,,,,,,0.0,2026-06-23
N5353MD,断罪された悪役令嬢は微笑み、悪意を飲み干す,True,4866993324,https://www.amazon.co.jp/dp/4866993324,断罪された悪役令嬢は、逆行して完璧な悪女を目指す,,,0.6222,2026-06-23
N5184MG,公爵夫人は城門に立ち続ける門番を見て、結婚生活に耐え続ける,False,,,,,,0.0,2026-06-23
N1490MC,愛されないわたくし、我慢の限界で真実を知る,False,,,,,,0.0,2026-06-23
N4286MF,聖女の不倫,False,,,,,,0.0,2026-06-23
N3164MA,【連載版】「魔力無しの失格治癒師」とバカにされた転生【外科医】、辺境でその腕を証明する～婚約破棄され家から追放された私、治癒魔法が諦めた命を医術で覆したら、救世主扱されて困ってます～,False,,,,,,0.0,2026-06-23
N7080MG,悪口を言われたので友情を壊してやりました,False,,,,,,0.0,2026-06-23
N2062MI,【短編版】夜会で「婚約破棄しよう」という常套句に呆れて振り返ったら、双子の愚兄だった件。【連載版はじめました】,False,,,,,,0.0,2026-06-23
N5683MF,不倫された上に「コストカット」と自社からリストラされたおっさんエンジニア、中1に戻って未来の知識で大富豪になる,False,,,,,,0.0,2026-06-23
N4485MF,だから私は引きこもる　聖女が現れたから私はお役御免なのでしょ,False,,,,,,0.0,2026-06-23
N1073MI,逆境を跳ね返したのは他人の悪意でした,False,,,,,,0.0,2026-06-23
N5686ME,悪役令嬢は蚊帳の外です。,False,,,,,,0.0,2026-06-23
N9631MG,聖女召喚の代償。もしくは。,False,,,,,,0.0,2026-06-23
N6993MF,【完結】「雑草令嬢」と追放された私ですが、辺境の荒れ地を楽園に変えたら辺境伯に溺愛されています　～「種さえあればいい」と言った家族は、品質低下と収穫減少で破滅寸前です～,False,,,,,,0.0,2026-06-23
N3527MG,私がちゃんと伝えていれば,False,,,,,,0.0,2026-06-23
N8333MF,類稀な美貌の宰相令息と砂漠の女神の愛し子,False,,,,,,0.0,2026-06-23
N8066MG,なんか王太子殿下のクラスに魅了魔法が充満してるんだけど、これってヤバない？,False,,,,,,0.0,2026-06-23
N7598MG,荷物係のお前も見ただろう？と勇者候補に証人扱いされました。はい、撤退合図を無視して魔物の巣を踏み抜いたところまで全部記録しています,False,,,,,,0.0,2026-06-23
N2459LP,「君を愛する事はない」と言われました。旦那様そのお話詳しく聞かせてください。,False,,,,,,0.0,2026-06-23
N7772MF,「帰ったら結婚しよう」と言った幼馴染のあなたに向けて、私は「他に愛する人が出来ました」と別れの手紙を書いた,False,,,,,,0.0,2026-06-23
N2759MH,終末世界の帰還錬金術師　～日本に戻ったら人類と悪魔が戦争をしていましたが、異世界で勇者になれなかった俺達はスルーして適当に生きたいと思います～,False,,,,,,0.0,2026-06-23
N7770MG,別の女性と結婚したかったと愚痴る王太子殿下もただの雑音。リボン編みこそ至高だわ。,False,,,,,,0.0,2026-06-23
N9165MF,「冤罪だというなら証明して見せろ！」「殺してないのが証明です」,False,,,,,,0.0,2026-06-23
N7402MG,「普通のパンを下さい」と聖女は言った。【連載版始めました】 ,False,,,,,,0.0,2026-06-23
N0054MI,婚約者に「人の腹の内まで覗く女」と言われたので、彼がいつも優先する幼なじみの腹の内を覗いてみました,False,,,,,,0.0,2026-06-23
N5240MF,無魔力の第六王女は敵国に攫われる,False,,,,,,0.0,2026-06-23
N1100MH,「お兄様、ズルい！」と弟が騒ぐので 〜辺境伯は強欲な弟と傲慢な妻に今日も譲る〜,False,,,,,,0.0,2026-06-23
N8885ME,呪われた一族ですが次女なので関係なくこの家を継がせていただきます,False,,,,,,0.0,2026-06-23
N1762LZ,夢を叶えた娘,True,4763137875,https://www.amazon.co.jp/dp/4763137875,あなたの夢を叶えもん,,,0.5,2026-06-23
N0729MI,「君は合格だ」と言われて、私は不合格を告げた。,False,,,,,,0.0,2026-06-23
N1268MI,梔子は語る,False,,,,,,0.0,2026-06-23
N2479MI,思っているだけじゃ伝わらない──だから人は、言葉を使うのだ。,False,,,,,,0.0,2026-06-23
N2950LY,婚約破棄された後、他国の王族が求婚してくるのって怖すぎませんか？,False,,,,,,0.0,2026-06-23
N3849ME,【エピ追加ラスト！】「少しは私の都合も考えてくれ」と言われ続けたので、王太子の婚約者を辞めることにしました,False,,,,,,0.0,2026-06-23
N5025MF,神獣と嘘つき令嬢,False,,,,,,0.0,2026-06-23
N0423MH,「欲しがりな妹」が断罪された後に,False,,,,,,0.0,2026-06-23
N6561MF,義姉がやってきた〜婚約者を守る為にうちで囲おう〜,False,,,,,,0.0,2026-06-23
N5703ME,夜会の顛末,False,,,,,,0.0,2026-06-23
N0855MG,義妹が虐げられ令嬢の罪を探し始めましたが、見つかったのは義妹と継母が奪ってきた私の人生でした,False,,,,,,0.0,2026-06-23
N3266MI,あなたのアドバイスはいつも的確ですね。……後出しで,False,,,,,,0.0,2026-06-23
N3273MF,ちんまい万能女官はクビでも溺愛される,False,,,,,,0.0,2026-06-23
N4953MD,魔法使い令嬢のお手軽な復讐,False,,,,,,0.0,2026-06-23
N5139MG,孤高の結界は裏切りを許さない,False,,,,,,0.0,2026-06-23
N5741MG,【短編】支えるのが当たり前？そんな結婚生活なんてごめんですわ,False,,,,,,0.0,2026-06-23
N9402MB,男だらけの世界の方が、何故か女性にモテるんだけど？,False,,,,,,0.0,2026-06-23
N1916MF,【連載完結】私から全てを奪った連中に壮絶な復讐,False,,,,,,0.0,2026-06-23
N9048MH,聖女さまの休日について、あるメイドの手記,False,,,,,,0.0,2026-06-23
N0602LG, 婚約解消された公爵令嬢ですが、帝国へ留学したら天才と呼ばれました～今さら復縁したいと言われても図書館の方が大事です～,False,,,,,,0.0,2026-06-23
N4291MI,わたしが辞めた翌朝、王宮の花はぜんぶ本音を喋りはじめた。,False,,,,,,0.0,2026-06-23
N1839MB,手紙を辿る,False,,,,,,0.0,2026-06-23
N0428MF,【ルイリコ】初期装備で壁画を延々スクショしてる奴がいるんだが【過疎配信】,False,,,,,,0.0,2026-06-23
N4709MF,婚約者候補が妹を選んだので、やめました,False,,,,,,0.0,2026-06-23
N1967FY,悪徳令嬢クラリス・グローリアの永久没落【書籍化】,False,,,,,,0.0,2026-06-23
N4895MF,妖精の祝福,False,,,,,,0.0,2026-06-23
N1447ME,婚約破棄の瞬間、全国民に“実況”されました～無能王子の公開処刑が始まったようです～,False,,,,,,0.0,2026-06-23
N6127MH,トトカルチョで婚約破棄を,False,,,,,,0.0,2026-06-23
N4838MI,愛よりも前に貴族ですので,False,,,,,,0.0,2026-06-23
N7507MH,婚約破棄までにしたい10のこと,False,,,,,,0.0,2026-06-23
N3955LZ,ダンジョン穴掘り――ストレス発散のためにスコップを手にダンジョンでひたすら穴を掘ってたら奈落に落ちた――,False,,,,,,0.0,2026-06-23
N9882MG,「昨晩は誰とも会っていない！」とおっしゃられましても,False,,,,,,0.0,2026-06-23
N6136KP,【追加しました！】田舎の男爵、父絶句！妊娠、婚姻？都会の学院に行った娘が、王太子と一緒に追放ざまあされて、戻ってきた！　え？王都で王命で婚姻済なの？,False,,,,,,0.0,2026-06-23
N1485MI, わたくしは、薔薇。,False,,,,,,0.0,2026-06-23
N3935LU,緑の聖女は転生先を間違えられたようです～植物スキルで、それなりに楽しくスローライフをしてます,False,,,,,,0.0,2026-06-23
N4111KN,賢妃の決断,False,,,,,,0.0,2026-06-23
N4830BU,本好きの下剋上　～司書になるためには手段を選んでいられません～,True,B07W56C2M6,https://www.amazon.co.jp/dp/B07W56C2M6,本好きの下剋上～司書になるためには手段を選んでいられません～ 短編集１,,,0.9091,2026-06-23
N1683ME,妹にだまされ、私を無視する婚約者をすてることにした,False,,,,,,0.0,2026-06-23
N1605LE,『下ごしらえ』で冒険者を目指す ～地味スキルなのに、なぜかモテる件～,False,,,,,,0.0,2026-06-23
N5003LM,陛下の愛したリリー。,False,,,,,,0.0,2026-06-23
N8754MC,何で本人に聞かないんだよ,False,,,,,,0.0,2026-06-23
N1711MG,「愛することはない」が流行っているそうなので、取引終了をお伝えします,False,,,,,,0.0,2026-06-23
N7886LZ,お前が愚鈍でなかったならよかったのに,False,,,,,,0.0,2026-06-23
N2121ME,田舎育ちの伯爵令嬢、大公家の第二夫人になる,False,,,,,,0.0,2026-06-23
N7957MD,「絶対迎えに行くよ」と「迎えに来たよ」の間,False,,,,,,0.0,2026-06-23
N0337MF,冤罪で手首を落とされた令嬢。親友からの誕生日プレゼントは盗品でした。逆行してやり返します,False,,,,,,0.0,2026-06-23
N8871MC,幼馴染とはいうものの,False,,,,,,0.0,2026-06-23
N1737MF,本物の聖女の居場所を、誰も知らない,False,,,,,,0.0,2026-06-23
N8076MB,わたしの婚約者の病弱な従妹,False,,,,,,0.0,2026-06-23
N7709MH,雨の日の婚約破棄　～落とし穴は頭上にあり～,False,,,,,,0.0,2026-06-23
N9927MD,「君の家事魔法など要らない」と婚約破棄されたので、王宮のおうち精霊を全員退職させます ～地味な家守令嬢を追い出したら、城のベッドも暖炉も朝食もいなくなりました～,False,,,,,,0.0,2026-06-23
N9232JA,【書籍化】ダンジョンに閉じ込められて２５年。救出されたときには立派な不審者になっていた,False,,,,,,0.0,2026-06-23
N4894MD,エレン・ブライスは婚約者を切り捨てる,False,,,,,,0.0,2026-06-23
N5288MG,僕の部屋がアイテムボックスな件,False,,,,,,0.0,2026-06-23
N2364MF,嫁いだ先は因習領地（？）でした,False,,,,,,0.0,2026-06-23
N3154ME,その夏は、ことのほか暑かった　～最後の聖女が消えた夏～,False,,,,,,0.0,2026-06-23
N3732LZ,令嬢は気付かない、完璧貴公子の拗らせた初恋に,False,,,,,,0.0,2026-06-23
N9145MD,謝れば、なにをしてもいいんでしょう？,False,,,,,,0.0,2026-06-23
N1483MI,桃髪聖女の不吉,False,,,,,,0.0,2026-06-23
N6323MG,男は裏切るけれど、お金は裏切らない　 ～愛されない王妃は静かに爪を研ぐ～,False,,,,,,0.0,2026-06-23
N4395IL,捨てられ公爵夫人は、平穏な生活をお望みのようです,True,B0FHGXDDHK,https://www.amazon.co.jp/dp/B0FHGXDDHK,捨てられ公爵夫人は、平穏な生活をお望みのようです@COMIC,,,0.8889,2026-06-23
N1735MH,偽聖女だと断罪されましたが、正真正銘の偽物です！今更謝ってももう遅いですか！？,False,,,,,,0.0,2026-06-23
N9009MH,「彼女をどのような立場に置かれるつもりですか」と聞かれたら…,False,,,,,,0.0,2026-06-23
N4376MF,王宮の招待状に、私の名前は書かれていませんでした,False,,,,,,0.0,2026-06-23
N6764LX,脇役令嬢は森でお茶会を,False,,,,,,0.0,2026-06-23
N2231MF,【短編】「もう遅い」のその前に～失わせ屋へようこそ～３,False,,,,,,0.0,2026-06-23
N8904MH,立太子されるのは自分だと思っていた第一王子ですが、弟に現実を教えられました,False,,,,,,0.0,2026-06-23
N7658ME,病弱な幼馴染を優先する婚約者を、夜会で叩き潰します。,False,,,,,,0.0,2026-06-23
N7780JO,【書籍化＆コミカライズ】悪役令嬢ってのはこうやるのよ,False,,,,,,0.0,2026-06-23
N0960LY,【第2の厄災完結】世界崩壊後、日常生活スキルで俺が最強拠点を作ってしまった件,False,,,,,,0.0,2026-06-23
N2683ME,入学式の日、王子様に向かってヒロインが飛び込んできた,False,,,,,,0.0,2026-06-23
N3356MC,ずっと母と妹に搾取されていたことに気付けたので縁を切りました,False,,,,,,0.0,2026-06-23
N6189KT,転生付与術師オーレリアの難儀な婚約,True,B0GX311LQ2,https://www.amazon.co.jp/dp/B0GX311LQ2,転生付与術師オーレリアの難儀な婚約 １,,,0.9444,2026-06-23
N8105LF,『番って便利な言葉ね　無能とされた放置嫁は、薬師になっておひとり様を満喫する』  ,True,B0H2XV5W6F,https://www.amazon.co.jp/dp/B0H2XV5W6F,番って便利な言葉ね　無能とされた放置嫁は、薬師になっておひとり様を満喫する (レジーナブックス),,,0.8539,2026-06-23
N2399MH,だから、ずっと一緒にいましょうね,False,,,,,,0.0,2026-06-23
N6646MF,それ、大問題です。お気づきですか？,False,,,,,,0.0,2026-06-23
N4121LY,前世が寺生まれのおっさんだった令嬢は、『見えちゃう』体質の婚約者を全力でアシストすることにいたしました。,False,,,,,,0.0,2026-06-23
N3620MI,婚約破棄してきた王子は返すので代わりをください,False,,,,,,0.0,2026-06-23
N4671MG,王太子「婚約破棄してくれるかなー？」　令嬢たち「「「いいともー！」」」,False,,,,,,0.0,2026-06-23
N6052MI,とある鉱山管理者とシスターはもう限界だった,False,,,,,,0.0,2026-06-23
N3244MI,契約結婚していましたが、この度離縁しました！～竜の血を引く者達の国へ向かいました～,False,,,,,,0.0,2026-06-23
N5839MG,伯爵令嬢サディアの失恋【完結】【6/16おまけ話追加】,False,,,,,,0.0,2026-06-23
N8537ME,傲慢な聖女を追放しただけなのに,False,,,,,,0.0,2026-06-23
N9748LW,転生悪妻は、おちょろい旦那様が大事,False,,,,,,0.0,2026-06-23
N5808MF,幽霊姫が、家から逃げた,False,,,,,,0.0,2026-06-23
N4951MD,婚約破棄されて勘当されたわたしは都会派冒険者になる,False,,,,,,0.0,2026-06-23
N1970FG,田中家、転生する。,True,B089287QRX,https://www.amazon.co.jp/dp/B089287QRX,田中家、転生する。 (ドラゴンノベルス),,,0.6207,2026-06-23
N3919LR,女王陛下の宝飾職人,False,,,,,,0.0,2026-06-23
N1984MG,娘の薬帳を捨てた夫へ。あなたが愛した“病弱な幼馴染”には、もう私の薬は届きません,False,,,,,,0.0,2026-06-23
N3839MI,持ち主の機嫌で色の変わる花を、婚約者にプレゼントされたら。,False,,,,,,0.0,2026-06-23
N2769MH,繊細ヤクザに正論パンチ！,False,,,,,,0.0,2026-06-23
N7119MC,愛さないと言った夫が豹変しました～囚われたわたしが夫の真実を知るまで～,False,,,,,,0.0,2026-06-23
N3299JN,【8/1コミカライズ①発売決定】悪役令嬢にざまぁされたくないので、お城勤めの高給取りを目指すはずでした（Web版）,False,,,,,,0.0,2026-06-23
N0566LK,異世界転移したけど森の奥で引きこもってます。スカウト？　いやぁ、森から出る気はないので遠慮します,False,,,,,,0.0,2026-06-23
N7286MC,異世界で『サレ妻スレ』立てたら、オフ会に王妃様が降臨して夫終了のお知らせ,False,,,,,,0.0,2026-06-23
N7406MI,私は愛のない結婚からただ脱出しただけですが,False,,,,,,0.0,2026-06-23
N7392KM,その約束が守られないことを知っている,False,,,,,,0.0,2026-06-23
N7414LY,ごめんなさい？もうしません？はあ？許すわけないでしょう？,False,,,,,,0.0,2026-06-23
N9466LU,病弱な幼馴染を優先する夫に耐えましたが、もう限界です ～今更溺愛されても許せません～,False,,,,,,0.0,2026-06-23
N7823MG,婚約者が（自称）病弱幼馴染に呼び出されるので、わたくしが物理的に鍛え上げて差し上げますわ！！,False,,,,,,0.0,2026-06-23
N7556JV,囲われサブリナは、今日も幸せ,False,,,,,,0.0,2026-06-23
N2396LW,うっすら転生者の侯爵令息は恋を綴る,False,,,,,,0.0,2026-06-23
N8733GF,お気楽領主の楽しい領地防衛  〜生産系魔術で名もなき村を最強の城塞都市に〜,True,B09FJV63TC,https://www.amazon.co.jp/dp/B09FJV63TC,お気楽領主の楽しい領地防衛 1　～生産系魔術で名もなき村を最強の城塞都市に～ (オーバーラップノベルス),,,0.764,2026-06-23
N6935MF,「子を産めないおまえに価値があるのか？」と離縁された妻です。で、新しい奥さまとの間に子供はできましたか？,False,,,,,,0.0,2026-06-23
N5731MF,完璧な王太子殿下の隣で、私は彼に恋を囁く,False,,,,,,0.0,2026-06-23
N1718MD,婚約者だけでなく名前まで妹に譲れと言われたので、家系図から私を消しました　～私を忘れた王宮は、私が結んだ祝福まで失う～,False,,,,,,0.0,2026-06-23
N3221MF,『この家から出てゆきなさい！』と言われた令嬢は喜び勇んで家出する,False,,,,,,0.0,2026-06-23
N2670ME,家庭教師のデボラ。,False,,,,,,0.0,2026-06-23
N6684MG,リボン至上の王国で、義母と義妹が私に勝てるはずありませんわ。,False,,,,,,0.0,2026-06-23
N2130MG,呪われた王太子を助けてあげたのに、罪を着せられ殺されそうです,False,,,,,,0.0,2026-06-23
N3212MI,続　公爵家の双子には手を出すな　～花屋の娘の話～,False,,,,,,0.0,2026-06-23
N1448MF,陸で溺れて消えてください,False,,,,,,0.0,2026-06-23
N1975ME,「聖女様をイジメるなと言われましても」,False,,,,,,0.0,2026-06-23
N6729MH, 実力派の有名悪役俳優(30歳)は、週刊誌に実生活では物凄く良い人であることを暴露されてしまってイメージが全て崩壊。そして人生が終了...する？,False,,,,,,0.0,2026-06-23
N9546MH,他人の幼馴染の話を聞いて、私には幼馴染などいなくてよかったなと思う関係のないご令嬢。,False,,,,,,0.0,2026-06-23
N7880ME,悪役令嬢ですが、恋愛イベント加速装置はやめさせていただきます,False,,,,,,0.0,2026-06-23
N2805JJ,【書籍化＆コミカライズ配信中】さようなら、王子様。どうか私のことは忘れて下さい【なろう版】,False,,,,,,0.0,2026-06-23
N3290GX,神の庭付き楠木邸・WEB版【アニメ化】,False,,,,,,0.0,2026-06-23
N3213MF,初対面の第一声が自分もよちよちして欲しいでした,False,,,,,,0.0,2026-06-23
N9674ME,私の結婚式用ベールを奪った義妹は、女神の祝福を受けられませんでした。,False,,,,,,0.0,2026-06-23
N0753HR,【漫画4巻6/5発売！】悪役令嬢の矜持〜婚約者を奪い取って義姉を追い出した私は、どうやら今から破滅するようです。〜,False,,,,,,0.0,2026-06-23
N8281JR,崩壊世界の魔法杖職人,True,404660218X,https://www.amazon.co.jp/dp/404660218X,崩壊世界の魔法杖職人4,,,0.9524,2026-06-23
N8123MD,【完結】灰かぶりの姉は物申す,False,,,,,,0.0,2026-06-23
N1994LU,騎士団長、愛を知る,False,,,,,,0.0,2026-06-23
N3264MI,婚約者が闇落ち寸前なので、世界を滅ぼす前に寝かせます,False,,,,,,0.0,2026-06-23
N5934MI,ずるいずるいと言う義妹が婚約者を譲れと言ってきました,False,,,,,,0.0,2026-06-23
N0114MH,白いベールで顔を隠されたブス（※勘違い）令嬢ですが、婚約破棄されたら幼馴染の騎士に強奪されました,False,,,,,,0.0,2026-06-23
N8752MF, 疲れた彼女は、境界を引く。,False,,,,,,0.0,2026-06-23
N8093MF,鬼柴田と忙しない姫 〜守護邸が燃えたので、柴田勝家の妻になりました〜,False,,,,,,0.0,2026-06-23
N6047KP,ああ、香しき貴公子達よ。,False,,,,,,0.0,2026-06-23
N3231HJ,異世界に来たけど、生活魔法しか使えません,True,B0DFPBSQSJ,https://www.amazon.co.jp/dp/B0DFPBSQSJ,異世界に来たけど、生活魔法しか使えません THE COMIC,,,0.8,2026-06-23
N0173BI,かわいいコックさん企画部屋,True,4865491309,https://www.amazon.co.jp/dp/4865491309,コケコックさん,,,0.5,2026-06-23
N8356GA,サイレント・ウィッチ,True,B0F9FMWXRY,https://www.amazon.co.jp/dp/B0F9FMWXRY,サイレント・ウィッチ　１-5巻セット,,,0.7143,2026-06-23
N8632MG,【短編】実の子が見つかったからと邪険にされたので屋敷を出た養女の話,False,,,,,,0.0,2026-06-23
N0869MG,チートなし転生の遺族対応係、戦死者名簿を直しただけで王国軍が沈黙しました,False,,,,,,0.0,2026-06-23
N2436MG,ならば、叶えてあげましょう,False,,,,,,0.0,2026-06-23
N7835CJ,本好きの下剋上　SS置き場,False,,,,,,0.0,2026-06-23
N3244MH,婚約破棄された翌日、王家の紋章が私の腕に現れました,False,,,,,,0.0,2026-06-23
N2930MF,精霊巫女など要らぬと追放されたので、精霊様方も連れて出ていきます,False,,,,,,0.0,2026-06-23
N9892MD,婚約破棄と言われたけど、某警視庁の警部殿みたく「1つだけ、よろしいでしょうか?」と質問したら、婚約者の方がざまぁされた,False,,,,,,0.0,2026-06-23
N3562JY,老執事シルベスターは、今日も微笑む,False,,,,,,0.0,2026-06-23
N4502MG,「ただの香り袋だろう」と夫に捨てられました。では、王都の厄除け香は本日で回収いたします,False,,,,,,0.0,2026-06-23
N0274KW,3S探索者の代理人,False,,,,,,0.0,2026-06-23
N2626JQ,顔で夫を選んだ母を反面教師にした私,False,,,,,,0.0,2026-06-23
N7579KF,金貨１枚でいかがでしょうか？　【電子書籍化進行中】,False,,,,,,0.0,2026-06-23
N0736LC,電書第3巻（完結）配信中　ドアマット幼女は屋根裏部屋から虐待を叫ぶ,False,,,,,,0.0,2026-06-23
N1848MF,王太子に捨てられた伯爵令嬢は、下級兵の妻になった,False,,,,,,0.0,2026-06-23
N5423MH,一生懸命編んだリボンを婚約者の恋人に池へ捨てられました。婚約者の弟と伯爵夫人が全力で私を気遣ってくれます。,False,,,,,,0.0,2026-06-23
N2959KI,「彼を殺して私も死ぬわ！」と叫んだ瞬間、前世を思い出しました　～あれ、こんな人どうでも良くない？～,True,B0GGH2XK4F,https://www.amazon.co.jp/dp/B0GGH2XK4F,「彼を殺して私も死ぬわ！」と叫んだ瞬間、前世を思い出しました ～あれ、こんな人どうでも良くない？～（ノベル） 【電子書籍限定特典SS付き】 (Mノベルスｆ),,,0.7559,2026-06-23
N2957MI,愛されていたはずでした,False,,,,,,0.0,2026-06-23
N6316BN,転生したらスライムだった件,True,B00L33R6K0,https://www.amazon.co.jp/dp/B00L33R6K0,転生したらスライムだった件1 (GCノベルズ),,,0.7222,2026-06-23
N5634MF,断罪中、前世を思い出した私は全力で『クロ』を『シロ』にします,False,,,,,,0.0,2026-06-23
N7728MF,国の穀物庫と呼ばれる伯爵家の長女ですが、なぜかお古の制服を着せられています,False,,,,,,0.0,2026-06-23
N1785EK,ハズレ枠の【状態異常スキル】で最強になった俺がすべてを蹂躙するまで,True,B082FB7QLT,https://www.amazon.co.jp/dp/B082FB7QLT,ハズレ枠の【状態異常スキル】で最強になった俺がすべてを蹂躙するまで 1 (ガルドコミックス),,,0.8354,2026-06-23
N8110ME,&lt;完結済み&gt;結婚式に参列に行ったら自分が結婚しました,False,,,,,,0.0,2026-06-23
N9815ME,「予定日まで一週間あるから大丈夫」と言った俺、気がついたら人生終了,False,,,,,,0.0,2026-06-23
N7787EQ,魔導具師ダリヤはうつむかない,True,B0BFC8N3HV,https://www.amazon.co.jp/dp/B0BFC8N3HV,魔導具師ダリヤはうつむかない　コミック　1-5巻セット,,,0.6829,2026-06-23
N9684MG,貴様を愛することはないといった夫と侵略者の私,False,,,,,,0.0,2026-06-23
N4850KL,「俺、王子やめて音楽で食っていこうかな」「ははは、いいんじゃないですか」こんなことを言ってしまったばっかりに、誕生日プレゼントが自作のラブソングに,False,,,,,,0.0,2026-06-23
N2482LV,魔法なき世界の異端魔導士　～冤罪で捕まりかけた大魔導士は異世界で自由気ままに旅をします～,False,,,,,,0.0,2026-06-23
N5192ME,余命一日。婚約破棄なら、ご勝手に！,False,,,,,,0.0,2026-06-23
N2649ME,嘘告の功罪　～「本当は好きだった」は免罪符にならない,False,,,,,,0.0,2026-06-23
N1416MD,落ちこぼれ祓い師男子は霊障が存在する現代を元気に生き抜く,False,,,,,,0.0,2026-06-23
N9331MD,悪役令嬢に転生しましたが、推しが攻略対象外なのでヒロインを虐めている場合ではありません,False,,,,,,0.0,2026-06-23
N1143ME,英雄願望もほどほどに,False,,,,,,0.0,2026-06-23
N1120MH, 婚約者候補が浮気したらしいので、生まれた国に帰ります！,False,,,,,,0.0,2026-06-23
N6116ME,姉上、憑依転生されてません！？,False,,,,,,0.0,2026-06-23
N1068JK,さよなら、英雄になった旦那様～ただ祈るだけの役立たずの妻のはずでしたが…～【書籍・コミカライズ化10月開始】,True,B0GP93RJC4,https://www.amazon.co.jp/dp/B0GP93RJC4,さよなら、英雄になった旦那様 ～ただ祈るだけの役立たずな妻のはずでしたが……～ 分冊版,,,0.7423,2026-06-23
N5326MI,鳥籠の鳥を逃がす方法,False,,,,,,0.0,2026-06-23
N4013MA,前世の自分がゲームに出ている件,False,,,,,,0.0,2026-06-23
N7994MG,略奪女の方、略奪女の方はいらっしゃいませんかー？　強く美しい騎士の婚約者はいかがでしょうかー！　今なら最悪な性格もお付けしまーす！,False,,,,,,0.0,2026-06-23
N1551ME,鳴神の嫁取り 〜橋の下で拾った龍神様に、十五年越しに溺愛されています〜 ,False,,,,,,0.0,2026-06-23
N6189MF,【完結】忘却の少女ミテル,False,,,,,,0.0,2026-06-23
N8927ME,病弱幼なじみには「俺がいないとダメなんだ」なら、一生背負わせてあげましょう。,False,,,,,,0.0,2026-06-23
N1906KU,王家の壁になりました,False,,,,,,0.0,2026-06-23
N8812JE,ありがとうチート！～トンズラ幼女はマイペースに異世界を堪能することにしました～,True,B0DYJHTV2P,https://www.amazon.co.jp/dp/B0DYJHTV2P,ありがとうチート！～トンズラ幼女はマイペースに異世界を堪能することにしました～【電子書籍限定書き下ろしSS付き】,,,0.8211,2026-06-23
N2951MG,お義母様のお言葉は絶対、なのですね？　でも、一つお伺いしてもよろしいかしら,False,,,,,,0.0,2026-06-23
N3354MF,妹が「寒い辺境も傷のある旦那様も嫌」と言うので身代わりで嫁ぎました。今さら代わってと言われても、もう遅いです,False,,,,,,0.0,2026-06-23
N4234ME,童貞を召喚する魔術で皇帝を召喚してしまった……,False,,,,,,0.0,2026-06-23
N8241LX,天才の王太子殿下いわく、悪役令嬢がヒロインを階段から突き落とした際の最適解,False,,,,,,0.0,2026-06-23
N4920MI,言ってもわからないのでしょう？　ならば物理ですわ,False,,,,,,0.0,2026-06-23
N2738MH,誰でもできる。そう、それで？,False,,,,,,0.0,2026-06-23
N3620MC,&quot;平民ヒロイン&quot;がまともな感性を持った&quot;暴力系ヒロイン&quot;だった場合：,False,,,,,,0.0,2026-06-23
N9512IJ,役立たずスキル【ログインボーナス】で捨てられた令嬢が、本当の幸せをつかむまで【コミックス３巻５月発売】,True,B0F3XS27DQ,https://www.amazon.co.jp/dp/B0F3XS27DQ,役立たずスキル【ログインボーナス】で捨てられた令嬢が、本当の幸せをつかむまで（コミック）,,,0.8842,2026-06-23
N4943MD,自作自演！　聖女召喚!!,False,,,,,,0.0,2026-06-23
N8095ME,公爵令嬢の婚約者に手を出して、道連れにしました。幸せでした。,False,,,,,,0.0,2026-06-23
N1098MF,【短編】「雑草令嬢」と追放された私ですが、辺境の荒れ地を楽園に変えたら辺境伯に溺愛されています　～「種さえあればいい」と言った家族は、品質低下と収穫減少で破滅寸前です～【連載版、別で始めました！】,False,,,,,,0.0,2026-06-23
N5443MI,確かに従姉妹ですけど、そいつは公爵家の血筋ではありませんわよ？,False,,,,,,0.0,2026-06-23
N7791MH,殿下、それ呪われてます,False,,,,,,0.0,2026-06-23
N2826MF,【連載版】婚約破棄？ 責任者をお呼びしますわ　〜スキル《呼び鈴》で大変なことになりました〜,False,,,,,,0.0,2026-06-23
N0215MC,転生者ですが孤児だったので、活字拾いでなんとか生きています！,False,,,,,,0.0,2026-06-23
N6086MF,公爵令嬢フローラの選択,False,,,,,,0.0,2026-06-23
N4711MC,【書籍化進行中】「またあの子を優先するのですか？」と言うのをやめた日,False,,,,,,0.0,2026-06-23
N2002MF,【完結】捨てられた侯爵夫人の日記,False,,,,,,0.0,2026-06-23
N5082HP,【コミカライズ5巻5月発売】婚約者が浮気相手と駆け落ちしました。王子殿下に溺愛されて幸せなので、今さら戻りたいと言われても困ります。【書籍全3巻発売中】,False,,,,,,0.0,2026-06-23
N0395MF,婚約者を男爵令嬢に奪われたので田舎に帰ります――老執事と静かに暮らしていたら、元婚約者の家が勝手に没落していました,False,,,,,,0.0,2026-06-23
N6169DZ,シャングリラ・フロンティア〜クソゲーハンター、神ゲーに挑まんとす〜,True,B08Q73M798,https://www.amazon.co.jp/dp/B08Q73M798,シャングリラ・フロンティア ~クソゲーハンター、神ゲーに挑まんとす~,,,0.9254,2026-06-23
N2332MG,「聖女様に温室をお譲りして」と婚約者に命じられましたので、冬薔薇の育成契約ごと王立植物院へ移ります,False,,,,,,0.0,2026-06-23
N0406MI,おっしゃる通り、可愛げがないようですので,False,,,,,,0.0,2026-06-23
N7257LW,今日あたしは筆頭聖女を辞めました。,False,,,,,,0.0,2026-06-23
N0076LQ,そういうわけですので僕は王になるのをやめようと思うのです,False,,,,,,0.0,2026-06-23
N0165ME,悪役令嬢に関わった結果,False,,,,,,0.0,2026-06-23
N8616MF,完璧主義の公爵令嬢は、無能な婚約者を損切りすることにしました。,False,,,,,,0.0,2026-06-23
N1314HD,魔術師クノンは見えている,True,B09SYL3P5Y,https://www.amazon.co.jp/dp/B09SYL3P5Y,魔術師クノンは見えている (カドカワBOOKS),,,0.6667,2026-06-23
N8659LZ,ダンジョンで死んだらインプに転生したので、とりあえず盗みから始めてみる,False,,,,,,0.0,2026-06-23
N8180GW,《連載版》あなたのお城の小人さん　～御飯下さい、働きますっ～,False,,,,,,0.0,2026-06-23
N9340DU,無能と呼ばれた俺、４つの力を得る,True,B0766G4G4S,https://www.amazon.co.jp/dp/B0766G4G4S,無能と呼ばれた俺、4つの力を得る 1 (オーバーラップノベルス),,,0.625,2026-06-23
N0017LJ,スキル『マンション』で異世界無双 〜不労所得で一生ダラダラします。,False,,,,,,0.0,2026-06-23
N3669FW,【アニメ２０２６年７月放送！】ヘルモード　～やり込み好きのゲーマーは廃設定の異世界で無双する～,True,B08XQ3BPB8,https://www.amazon.co.jp/dp/B08XQ3BPB8,ヘルモード ～やり込み好きのゲーマーは廃設定の異世界で無双する～　3 (アース・スターノベル),,,0.6596,2026-06-23
N4152MD,流れ弾にご注意ください,False,,,,,,0.0,2026-06-23
N8548ME,三度目の婚約保留を告げた王子殿下に、最後の忠告をいたしました,False,,,,,,0.0,2026-06-23
N8919MH,何が「病気で行けない」ですか？〜仮病で幼馴染ばかり優先するクズ婚約者は、こちらから願い下げですわ〜,False,,,,,,0.0,2026-06-23
N6234LT,「ハーモーニーサウンド」 中盤脱落のクソボンボンだけど ロボットには乗りたいので知識チートします。,False,,,,,,0.0,2026-06-23
N5182IH,社交界の毒婦とよばれる私～素敵な辺境伯令息に腕を折られたので、責任とってもらいます～【書籍化＆コミカライズ】,True,B0DM7LZRPV,https://www.amazon.co.jp/dp/B0DM7LZRPV,社交界の毒婦とよばれる私～素敵な辺境伯令息に腕を折られたので、責任とってもらいます～［ばら売り］,,,0.8235,2026-06-23
N8569KQ,「君を愛することはない！」「いいですね！」,False,,,,,,0.0,2026-06-23
N8898MG,王子に婚約破棄されたので清々していたら王太子妃になりました──なんで？,False,,,,,,0.0,2026-06-23
N7607MH,「俺から婚約破棄するのは面倒だから、お前から婚約破棄してくれ」と言われたときの対処法,False,,,,,,0.0,2026-06-23
N4933MH,幼馴染がフレネミーでした〜私は呪縛を解いて幸せになります〜,False,,,,,,0.0,2026-06-23
N7842MD,私の優先順位は低いようなので。,False,,,,,,0.0,2026-06-23
N7238MD,【書籍化進行中】【エピローグ】「またあの子を優先するのですか？」と言うのをやめた日の後,False,,,,,,0.0,2026-06-23
N0944KO,【5/25発売】和食で騎士団を虜にした令嬢は、婚約破棄から人生やり直し中です～小料理屋から始まる、美味しい第二の人生～【WEB版】,False,,,,,,0.0,2026-06-23
N2074MH,取って来た獲物を他の令嬢にあげる婚約者に、優しく恥をかかせる方法,False,,,,,,0.0,2026-06-23
N7337LH,賭けものになった側妃【連載版】,True,B0G631C2JB,https://www.amazon.co.jp/dp/B0G631C2JB,賭けものになった側妃【単話版】,,,0.8667,2026-06-23
N0513JN,辺境の最強魔導師　　　～魔術大学を１３歳で首席卒業した私が辺境に６年引きこもっていたら最強になってた～,False,,,,,,0.0,2026-06-23
N6218ME,美貌咲き誇るステファン,False,,,,,,0.0,2026-06-23
N9688MF,「団長の好きな人って誰ですか？」,False,,,,,,0.0,2026-06-23
N9232LG,普通の結婚、普通の家庭,True,B07N8ZR9M4,https://www.amazon.co.jp/dp/B07N8ZR9M4,『普通』の結婚が、なぜできないの？,,,0.5,2026-06-23
N4647MF,既読がつかない彼氏に『さよなら』を送ったら三秒で既読がついた件〜今さら追いかけてこられても、私はもうあなたの『未読』にはなりません〜,False,,,,,,0.0,2026-06-23
N4809MH,婚約者の代わりに書類を捌き続けた公爵令嬢,False,,,,,,0.0,2026-06-23
N5012MB,【書籍化決定】無能魔女の甘すぎる誤算　～成り行きで助けた最強魔術師様が熱烈に求愛してくるのですが～,False,,,,,,0.0,2026-06-23
N5404MD,夜会で夫の愛人を刺そうとした伯爵夫人。でも不思議なことに、その場の全員が犯人を庇いました,False,,,,,,0.0,2026-06-23
N0778MH,助けてください夜鷹さん！執着系幼馴染に外堀を埋められています！！,False,,,,,,0.0,2026-06-23
N8371MC,俺が開発したものでNTRに目覚めるな,False,,,,,,0.0,2026-06-23
N3488MD,貧乏男爵令嬢ですが、契約結婚の相手が内緒で産んだ子の父親で、ちょっと困っています。,False,,,,,,0.0,2026-06-23
N5601ME,姉は不要と判断された～奪うことしか知らない妹は、最後に何も残らなかった～,False,,,,,,0.0,2026-06-23
N4926MD,僕らの戦いはまだまだ続く,False,,,,,,0.0,2026-06-23
N2455MI,魅了魔法により貶められて人買いに売られた公爵令嬢、三年後、王子、父の公爵、義弟の３人が人買いから公爵令嬢を買い戻そうとした話,False,,,,,,0.0,2026-06-23
N0887MH,婚約破棄した王子を庭で焼いてみた,False,,,,,,0.0,2026-06-23
N1110MH,「指輪代は全額返金、二十四時間身につけろ！」とケチな条件を突きつけてきた公爵令息と婚約破棄したら、ライバル公爵家の令息にバカデカい指輪で求婚されて毎日幸せです,False,,,,,,0.0,2026-06-23
N5296MG,悪役令嬢は、檻の中で空を編む,False,,,,,,0.0,2026-06-23
N0659JY,アレクサンダー王の憂鬱,False,,,,,,0.0,2026-06-23
N1308ME,３年間の聖女の勤めを果たして故郷に帰ったら婚約者が私の親友と浮気していた,False,,,,,,0.0,2026-06-23
N6889IB,【書籍化＆コミカライズ】悪役令嬢なので、溺愛なんていりません！,False,,,,,,0.0,2026-06-23
N8615MH,家庭内遠距離恋愛（修正版）,False,,,,,,0.0,2026-06-23
N0022GD,水属性の魔法使い,False,,,,,,0.0,2026-06-23
N9636X,薬屋のひとりごと,True,B07CJ2XSW4,https://www.amazon.co.jp/dp/B07CJ2XSW4,薬屋のひとりごと (ヒーロー文庫),,,0.64,2026-06-23
N9669BK,無職転生　- 異世界行ったら本気だす -,True,B00I5BNXTQ,https://www.amazon.co.jp/dp/B00I5BNXTQ,無職転生 ～異世界行ったら本気だす～ 1 (MFブックス),,,0.6939,2026-06-23
N3289DS,異世界のんびり農家,True,B076Q19DSD,https://www.amazon.co.jp/dp/B076Q19DSD,異世界のんびり農家 01,,,0.8571,2026-06-23
N2059MA,夫の不倫癖を咎める方法,False,,,,,,0.0,2026-06-23
N6844MA,え〜婚約者さん厳しい〜（笑）私ならそんなこと言わないのになぁ,False,,,,,,0.0,2026-06-23
N9101MD,「お姉さま、ずるぅ〜い！」が口癖の異常な妹に突き落とされた私、時間が巻き戻ったので屈強な侍女を雇ってすべてを未然に防ぎます,False,,,,,,0.0,2026-06-23
N3429MB,役立たずの寝たきり令嬢、生理的にムリな魔法医に買われて幸せになる,False,,,,,,0.0,2026-06-23
N1753MF,婚約者が私にだけよそよそしい？,False,,,,,,0.0,2026-06-23
N7359MA,土魔法の令嬢,False,,,,,,0.0,2026-06-23
N4894MI,「私の方が婚約者に相応しい！」と怒鳴られましても、それを決めるのは陰で聞き耳を立てている王子ですので……,False,,,,,,0.0,2026-06-23
N6552MF,【完結】完璧な侯爵令嬢の私が、年下の婚約者のために若作りする惨めさについて,False,,,,,,0.0,2026-06-23
N4258KQ,【完結】異世界ＦＩＲＥ～平民の幼女に転生したので経済的自立を目指します！～【書籍化・コミカライズ】,False,,,,,,0.0,2026-06-23
N2217IL,愛され妻と嫌われ夫　〜「君を愛することはない」をサクッとお断りした件について〜,False,,,,,,0.0,2026-06-23
N6993MC,バッドエンド確定の悲劇の推しキャラを救うため、モブメイドに転生して全力で貢いだ結果～立派な騎士に成長した推しから「俺のすべてはあなたのものです」と激重に愛されています～,False,,,,,,0.0,2026-06-23
N7106IK,不良聖女の巡礼,False,,,,,,0.0,2026-06-23
N2710DB,とんでもスキルで異世界放浪メシ,True,B07875C72X,https://www.amazon.co.jp/dp/B07875C72X,とんでもスキルで異世界放浪メシ 1 (ガルドコミックス),,,0.6977,2026-06-23
N4179LY,幕末に転生したら近衛家の姫でした。まず屋根を直します【累計200万PV/40万UU突破‼ 幕末経済戦記】,False,,,,,,0.0,2026-06-23
N9623LP,【書籍化】辺境の【杖職人】が、自分の作る魔法杖は世界最高だと気付くまで ～「魔力ゼロ、愛想もない」と婚約破棄された私が、帝都でひっそり店を開いたら、いつの間にか国中の英雄が並ぶ行列店になっていました～,False,,,,,,0.0,2026-06-23
N8633HZ,聖女さまは取り替え子,True,B0GNLQRMYJ,https://www.amazon.co.jp/dp/B0GNLQRMYJ,聖女さまは取り替え子@COMIC,,,0.7692,2026-06-23
N1336HZ,国に最強のバリアを張ったら平和になりすぎて追放されました。そのバリア、永続じゃないよ？,True,B0CF19WH87,https://www.amazon.co.jp/dp/B0CF19WH87,国に最強のバリアを張ったら平和になりすぎて追放されました。　1 ～そのバリア、永続じゃないよ？～【電子書店共通特典SS付】 (アース・スターノベル),,,0.735,2026-06-23
N4309MG,『ざまぁ』するのは私ではありません,False,,,,,,0.0,2026-06-23
N8689LL,初恋の相手に「地味で可愛げがない」と言われた眼鏡っ子令嬢が、前世の自分がニューハーフなおっさんだったことを思い出して、全力で弾けた結果。,False,,,,,,0.0,2026-06-23
N5375CY,転生して田舎でスローライフをおくりたい,True,B07VMRJWL4,https://www.amazon.co.jp/dp/B07VMRJWL4,転生して田舎でスローライフをおくりたい,,,1.0,2026-06-23
N7419LI,【初心者安心パック】は歴代転生者アンケートから生まれました～いつの間にか聖女扱いされて困ってます～,False,,,,,,0.0,2026-06-23
N5511KH,魔物(マンドラゴラ)ってバレたら討伐ですか？～花の魔女はひっそり平穏に暮らしたい～【WEB版】,False,,,,,,0.0,2026-06-23
N2701MG,家庭菜園の聖女　～追放されて新天地でスローライフを満喫しているので、連れ戻そうとしても遅いです～,False,,,,,,0.0,2026-06-23
N1390LW,倒産中年社長、異世界で孤児達と逆転再生経営！,False,,,,,,0.0,2026-06-23
N2907GA,悪役令嬢は溺愛ルートに入りました！？,True,B08VDBZX63,https://www.amazon.co.jp/dp/B08VDBZX63,悪役令嬢は溺愛ルートに入りました！？ 1巻 (デジタル版SQEXノベル),,,0.6667,2026-06-23
N5466ES,異世界金融 〜 働きたくないカス教師が異世界で金貸しを始めたら無双しそうな件 〜 #いせきん,False,,,,,,0.0,2026-06-23
N8124ME,婚約破棄は誰のせい？,False,,,,,,0.0,2026-06-23
N2568MD,ちゃんと読まないあなたが悪いのでしょう？,False,,,,,,0.0,2026-06-23
N3375MI,【連載版】私の死を待つ皆様へ,False,,,,,,0.0,2026-06-23
N9279MG,【完結】真実の愛は見つかりまして？～婚約者さま、あなたが私を捨てて選んだ愛されヒロインの嘘はすべて暴かせていただきます～,False,,,,,,0.0,2026-06-23
N9795MF,おばさん、異世界召喚に巻き込まれる。,False,,,,,,0.0,2026-06-23
N9944ME,幼馴染、ということは,False,,,,,,0.0,2026-06-23
N0692ES,【アニメ2期決定！】悲劇の元凶となる最強外道ラスボス女王は民の為に尽くします。〜ラスボスチートと王女の権威で救える人は救いたい〜,True,B08GK9NF5C,https://www.amazon.co.jp/dp/B08GK9NF5C,悲劇の元凶となる最強外道ラスボス女王は民の為に尽くします。　連載版: 1 (ZERO-SUMコミックス),,,0.5172,2026-06-23
N6178ME,遅ればせながら、悪役令嬢をやらせていただきます～淑女教育は辺境で捨てました～,False,,,,,,0.0,2026-06-23
N4750DY,ハンネローレの貴族院五年生,True,B0D5CQLFN9,https://www.amazon.co.jp/dp/B0D5CQLFN9,本好きの下剋上　ハンネローレの貴族院五年生1,,,0.7429,2026-06-23
N9491MG,どうぞ、ご勝手に。その真実の愛とやらで、精々人生を楽しんで下さい,False,,,,,,0.0,2026-06-23
N0604MG,【連載版】「もう遅い」のその前に～失わせ屋へようこそ～,False,,,,,,0.0,2026-06-23
N1258GP,「もう・・・・働きたくないんです」冒険者なんか辞めてやる。今更、待遇を変えるからとお願いされてもお断りです。僕はぜーったい働きません。【漫画3巻＋書籍2巻】,True,B0BD148YP9,https://www.amazon.co.jp/dp/B0BD148YP9,「もう‥‥働きたくないんです」冒険者なんか辞めてやる。今更、待遇を変えるからとお願いされてもお断りです。僕はぜーったい働きません。,,,0.8811,2026-06-23
N2705LV,【電子書籍化決定】夫が戦場から手紙を送ってくるのですが内容が献立の相談しかありません,False,,,,,,0.0,2026-06-23
N6682GF,悪役令嬢の中の人【書籍化・コミカライズ】,False,,,,,,0.0,2026-06-23
N1409ME,聖女と呼ばないで,False,,,,,,0.0,2026-06-23
N0466KP,こんなはずじゃなかった〜後日談〜,False,,,,,,0.0,2026-06-23
N2819HA,魔女と傭兵,True,B0CYB6DC2S,https://www.amazon.co.jp/dp/B0CYB6DC2S,魔女と傭兵,,,1.0,2026-06-23
N8292MH,サレ妻ですが、妹に手を出す夫は許しません,False,,,,,,0.0,2026-06-23
N4935MG,占い師に「婚約者に赤い薔薇が見える」と言われて。,False,,,,,,0.0,2026-06-23
N4111LT,19世紀初頭イギリスの転生者、資産形成への道,False,,,,,,0.0,2026-06-23
N9729LK,腹違いの妹にすべてを奪われた薄幸の令嬢が、義理の母に殴られた瞬間、前世のインテリヤクザなおっさんが「何してくれとんじゃ、こんクソボケがああぁあああああーっっ!!」とぶちギレた場合。,False,,,,,,0.0,2026-06-23
N1286IJ,脇役剣聖のそこそこ平穏な日常。たまに冒険、そして英雄譚～自称やる気ゼロのおっさんですが、レアスキル持ちの美少女たちが放っておいてくれません～,True,B0DCDWML5C,https://www.amazon.co.jp/dp/B0DCDWML5C,脇役剣聖のそこそこ平穏な日常。たまに冒険、そして英雄譚。 1　～自称やる気ゼロのおっさんですが、レアスキル持ちの美少女たちが放っておいてくれません～ (オーバーラップノベルス),,,0.8861,2026-06-23
N5372MI,「お姉様、それ頂戴」と私から物を奪っていく異母妹に婚約者も奪われました。異母妹の欲しがる物を全て与えた結果,False,,,,,,0.0,2026-06-23
N8602MG,ドアマット王女は静かに扉を……吹っ飛ばした！【旧作＆小話 置き場】,False,,,,,,0.0,2026-06-23
N1980MG,妻より幼馴染優先ですか?,False,,,,,,0.0,2026-06-23
N1704MA,悪役令嬢だったお姉ちゃんと私の話,False,,,,,,0.0,2026-06-23
N5857ME,婚約者が病弱な幼馴染に夢中です,False,,,,,,0.0,2026-06-23
N7809MG,伊藤博文に転生！？　〜社畜が幕末を胃痛でサバイブする〜　長州藩の雑用係から初代総理大臣へ大出世（強制）,False,,,,,,0.0,2026-06-23
N0250JS,異世界転生ダンジョンマスター　温泉ダンジョンを作る,True,B0FL6RZNVH,https://www.amazon.co.jp/dp/B0FL6RZNVH,異世界転生ダンジョンマスター　温泉ダンジョンを作る (富士見ファンタジア文庫),,,0.7812,2026-06-23
N6259MH,義妹に大切なものを盗られ続けた公爵令嬢ですが、第二王子殿下が全部取り返してくれました。,False,,,,,,0.0,2026-06-23
N0997MF,『学園にいる間くらい自由にしていいだろう』と勘違いした愚かな男の末路を知っている,False,,,,,,0.0,2026-06-23
N5277KZ,「風邪を引いたあの子」の元へ向かった婚約者様へ、置き手紙と婚約指輪を残しておきました,False,,,,,,0.0,2026-06-23
N2818MG,魔王は今日も仕事する,False,,,,,,0.0,2026-06-23
N3053MD,メンヘラオジサン、戦国で飯屋を始める ～戦えない俺は食と金で成り上がる～★241万PV突破★,False,,,,,,0.0,2026-06-23
N1465MF,婚約破棄ですわ！と叫んだ男爵令嬢ですが王子殿下は何も聞いていませんでした,False,,,,,,0.0,2026-06-23
N6765LI,竜国に『非竜人族の番を迎え入れる際の決まり事』という法が制定された理由,False,,,,,,0.0,2026-06-23
N3208MD,無関心婚約者の豹変,False,,,,,,0.0,2026-06-23
N4546MG, うちの猫、めっちゃ強いんですけど～愛猫たちと異世界満喫生活～,False,,,,,,0.0,2026-06-23
N9772MH,私の声を奪った婚約者が、誰にも守られなくなる日,False,,,,,,0.0,2026-06-23
N1910MI,王子様がこわい。,False,,,,,,0.0,2026-06-23
N1255MD,【連載版】召喚された聖女がおっさんだった件。～聖女召喚された事故調の野良犬は奇跡を科学で解体します～,False,,,,,,0.0,2026-06-23
N3507HO,【ノベル・コミカライズ7巻5/7同日発売】愛さないといわれましても～元魔王の伯爵令嬢は生真面目軍人に餌付けをされて幸せになる【つぎラノランクイン】,False,,,,,,0.0,2026-06-23
N0412MI,「良い感じにやっといてよ」と国難を何度も押しつけられたので、今宵の婚約破棄をもって国外逃亡いたします！,False,,,,,,0.0,2026-06-23
N8767IS,取り巻き転生　～私の親友は悪役令嬢～,False,,,,,,0.0,2026-06-23
N7551IC,目の前の惨劇で前世を思い出したけど、あまりにも問題山積みでいっぱいいっぱいです。【web版】,True,B0F3G6YCWB,https://www.amazon.co.jp/dp/B0F3G6YCWB,目の前の惨劇で前世を思い出したけど、あまりにも問題山積みでいっぱいいっぱいです。1 (ブシロードコミックス),,,0.8,2026-06-23
N3083MH,初対面で旦那様にボロクソ言われましたが、聞いてるうちに笑ってしまいました,False,,,,,,0.0,2026-06-23
N0488JH,グロリア・フォン・コードウェルの断罪と復讐（書籍版：悪役令嬢グロリア・フォン・コードウェルの断罪と復讐）,False,,,,,,0.0,2026-06-23
N3180MI,「昔の君の方が好きだった」と言われたので婚約を解消しました,False,,,,,,0.0,2026-06-23
N4390MG, 暴君忠長に転生したので、兄上のために日本列島をメンテします　〜SFチートのはずが、田んぼと水路と寺社ノードの保守係なんですが〜,False,,,,,,0.0,2026-06-23
N3510MF,匂いで番を選ぶ世界で、嫌われ者の文官様に懐いてしまいました,False,,,,,,0.0,2026-06-23
N6667MH,物理で殴る幼児転生Ⅱ ～軍務局に拉致されて、王国インフラ開発に巻き込まれました〜,False,,,,,,0.0,2026-06-23
N1191MH,【完結】「普通のパンを下さい」と聖女は言った。 ,False,,,,,,0.0,2026-06-23
N7778LY,面倒くさいので楽な旦那を選んだだけです,False,,,,,,0.0,2026-06-23
N6993LG,娘に断罪される悪役公爵(37）に転生してました　～悪役ムーブをやめたのになぜか娘が『氷の令嬢』化する件～,True,B0GNYJMWGM,https://www.amazon.co.jp/dp/B0GNYJMWGM,娘に断罪される悪役公爵に転生してました　悪役ムーブをやめたのになぜか娘が『氷の令嬢』化する件 (ドラゴンノベルス),,,0.844,2026-06-23
N5795KL,こんなはずじゃなかった,False,,,,,,0.0,2026-06-23
N2661MD,不屈の花に恋した王子,False,,,,,,0.0,2026-06-23
N9505ME,婚約破棄？ 責任者をお呼びしますわ　〜スキル《呼び鈴》で王宮が大変なことになりました〜,False,,,,,,0.0,2026-06-23
N5427JZ,異世界転移したら尖った耳が生えたので、ちびっこライフを頑張ります。,False,,,,,,0.0,2026-06-23
N5536MI,お前の代わりはいくらでもいる、と言われたので、代わりを百人育てて辞めました,False,,,,,,0.0,2026-06-23
N3942MF,「殿下を解放してください!」,False,,,,,,0.0,2026-06-23
N4425MI,わたくしの知らない方からの婚約破棄,False,,,,,,0.0,2026-06-23
N1496MI,カンタンテ公爵家に犬が来た,False,,,,,,0.0,2026-06-23
N5835MB,【第一部完結】転生少女は魔法の世界を『漢字』の力で生き抜きます,False,,,,,,0.0,2026-06-23
N8005LS,【連載版】加護なしの第八王女は、前世が社畜だったので王宮生活がイージーモードにしか見えない,False,,,,,,0.0,2026-06-23
N3304MI,もう重圧に苦しむ必要はございませんよ,False,,,,,,0.0,2026-06-23
N2931KU,狂鬼の鈴鹿～タイムリープしたらダンジョンがある世界だった～,False,,,,,,0.0,2026-06-23
N3923MF,頬を突き出してきたので、思いっきりビンタしました,False,,,,,,0.0,2026-06-23
N2591GI,婚約者に裏切られたので、子爵令嬢から王妃付き侍女にジョブチェンジしてみた,True,4800017890,https://www.amazon.co.jp/dp/4800017890,婚約者に裏切られたので、子爵令嬢から王妃付き侍女にジョブチェンジしてみた⑤ (マッグガーデン・ノベルズ),,,0.8182,2026-06-23
N3120MH,主はお赦しになりますが、私は赦しません ――祈るだけでよいと言われた聖女は、弱き者を食い物にした悪徳司祭の懺悔を聞きに行く,False,,,,,,0.0,2026-06-23
N9171MH,王立学園祭礼史学講師ノア・フェルディナンの講義録 ────白夜祭の成立、または下手な踊りが王家の義務となるまで,False,,,,,,0.0,2026-06-23
N5894LW,【電子書籍予約開始】元社畜転生令嬢は今日も第二王子を振り回す ～パワハラで鍛えられた私に、侯爵令嬢の嫌がらせは効きません～,False,,,,,,0.0,2026-06-23
N4323ME,幼馴染は私の大切なものを奪うのが趣味だった,False,,,,,,0.0,2026-06-23
N7058ME,夫の幼馴染の娘に、娘の名前を譲れと言われたので、夫ごと捨てます～前世の物語では“名無し”になった娘が消えるそうですが、母親なのでお断りです～,False,,,,,,0.0,2026-06-23
N5927LZ,本当に我が子なのか、と言われましても【連載版始めました】,False,,,,,,0.0,2026-06-23
N7038HV,【書籍3巻発売】酔っ払い令嬢が英雄と知らず求婚した結果 〜最強の神獣騎士から溺愛がはじまりました!?〜【コミカライズ】,True,B0CLCYM2HR,https://www.amazon.co.jp/dp/B0CLCYM2HR,酔っ払い令嬢が英雄と知らず求婚した結果　～最強の神獣騎士から溺愛がはじまりました！？～【電子版特典付】 (PASH! ブックス),,,0.6341,2026-06-23
N6392ME,【完結】そんなにデカパイ自撮り女がよいんですの？～色気が足りないと婚約破棄されたので、最後の夜会で本気を出しました～,False,,,,,,0.0,2026-06-23
N8515MF,ハズレスキル『幸運』で異世界では村人でしたが、帰還したら宝箱ガチャSランク連発でダンジョン配信でバズりました,False,,,,,,0.0,2026-06-23
N5065MF,暴行をでっち上げられた時の対処法,False,,,,,,0.0,2026-06-23
N3658MH,祝福の空に鳥が鳴く,False,,,,,,0.0,2026-06-23
N2852LT,アラサーからのダンジョン探索～英雄は目指さない。マイペースに遊びながら稼ぎます～,True,B0GX34QSJH,https://www.amazon.co.jp/dp/B0GX34QSJH,アラサーからのダンジョン探索　英雄は目指さない。マイペースに遊びながら稼ぎます。 (ドラゴンノベルス),,,0.8352,2026-06-23
N1451ME,婚約者の幼馴染が二十四回目のお詫びに来たので、氷の令嬢は書斎にある人を隠してみました,False,,,,,,0.0,2026-06-23
N4706MI,それ以外が逸脱【ファンタジーでシリーズ化しました】,False,,,,,,0.0,2026-06-23
N6905FX,【完結】『妖精騎士の物語 』少女は世界を変える【御礼】,False,,,,,,0.0,2026-06-23
N2664MA,旦那様が他人に「ありがとう」と言う姿を見て、家出をする私の話,False,,,,,,0.0,2026-06-23
N7872LZ,【連載版】聖女は3歳児でした　　〜聖女誕生からレイナ成長記録〜,False,,,,,,0.0,2026-06-23
N7250GN,【書籍化決定】ちったい俺の巻き込まれ異世界生活 ,False,,,,,,0.0,2026-06-23
N9038MF,【完結】「王女殿下が忘れられないんでしょう？」と身を引いた瞬間、完璧な仮面を剥ぎ取った爽やか婚約者の執着スイッチが入りました ～僕を捨てる？ 本当に逃げられると思ってるの？～,False,,,,,,0.0,2026-06-23
N6484MC,「私が悪いんですぅ」って言ったから、罪を償ってもらいました,False,,,,,,0.0,2026-06-23
N8952MF,王太子に捨てられたのではありません。私が法で婚約を終わらせたのです――元婚約者の私、王宮法務局で第二王子に重用されています,False,,,,,,0.0,2026-06-23
N5443MF,婚約者が十九度目の約束破りで病弱な幼なじみを優先したので、二十度目はありません,False,,,,,,0.0,2026-06-23
N5741MD,【電子書籍化決定】十年前の君へ　～離婚前夜、夫がおかしくなった～,False,,,,,,0.0,2026-06-23
N6894IZ,高校生勇者のテンプレ対策　～魔王討伐後にハメられるのは想定内です～,False,,,,,,0.0,2026-06-23
N8193GG,捨てられ貴族の無人島のびのび開拓記〜ようやく自由を手に入れたので、もふもふたちと気まぐれスローライフを満喫します～,True,4813765564,https://www.amazon.co.jp/dp/4813765564,捨てられ貴族の無人島のびのび開拓記～ようやく自由を手に入れたので、もふもふたちと気まぐれスローライフを満喫します～ ２(グラストCOMICS),,,0.875,2026-06-23
N2237MH,「君なら平気だろう」そう言って私を後回しにし続けた婚約者は、もう診てさしあげません,False,,,,,,0.0,2026-06-23
N8052KV,ようこそ最前線の地獄（職場）へ 軍師リナ、8歳です,True,4867169951,https://www.amazon.co.jp/dp/4867169951,ようこそ最前線の地獄（職場）へ 軍師リナ、８歳です １ (GCノベルズ),,,0.7869,2026-06-23
N1881MH,【連載版】「君なら我慢できるだろう」と義妹を優先されたので、婚約を白紙にしました,False,,,,,,0.0,2026-06-23
N8501LC,【書籍化】貴方の知る私はもういない,False,,,,,,0.0,2026-06-23
N4640MG,恋のお相手はわたくしではないのでしょう？,False,,,,,,0.0,2026-06-23
N5180LL,妻子に裏切られ、会社をクビになったアラフォーおっさん、スコップ一本でダンジョン無双　〜配信したら何故かバズったのだが〜,False,,,,,,0.0,2026-06-23
N8191LT,【完結】侯爵令嬢と転生悪役令嬢,False,,,,,,0.0,2026-06-23
N3477LL,聖女の仕事をサボってませんよ,False,,,,,,0.0,2026-06-23
N3897MH,略奪愛に憧れる義妹に現実的な対処をすることにした。,False,,,,,,0.0,2026-06-23
N1938JL,悲しいほどのモブ令嬢　ライバルなんておこがましいです。,False,,,,,,0.0,2026-06-23
N7817HO,無能才女は悪女になりたい～義妹の身代わりで嫁いだ令嬢、公爵様の溺愛に気づかない～（WEB版）,True,B0CK83QQ7N,https://www.amazon.co.jp/dp/B0CK83QQ7N,無能才女は悪女になりたい 1 ～義妹の身代わりで嫁いだ令嬢、公爵様の溺愛に気づかない～ (ＦＬＯＳ　ＣＯＭＩＣ),,,0.7843,2026-06-23
N5714HL,元戦闘用奴隷ですが、助けてくれた恩人は番だそうです。【書籍化・コミカライズ】,True,B0F23FK2CJ,https://www.amazon.co.jp/dp/B0F23FK2CJ,元戦闘用奴隷ですが、助けてくれた竜人は番だそうです。【分冊版】,,,0.7826,2026-06-23
N7163MG,私は可哀想な女なの、と泣く婚約者に振り回された結果,False,,,,,,0.0,2026-06-23
N9075LW,気弱な令嬢ではありませんので、やられた分はやり返します,False,,,,,,0.0,2026-06-23
N4873LH,【第一部完結】レース編みは万能でした～女神の使徒？　私は飼い猫の異世界召喚に巻き込まれた、ただの飼い主ですよ？,False,,,,,,0.0,2026-06-23
N4225MG,婚約破棄された瞬間、空から“視聴者コメント”が流れ始めました ～「王太子、それは悪手です」「ざまぁまだですか？」って誰が言ってるんですの！？～,False,,,,,,0.0,2026-06-23
N4356MF,覗き穴ダンジョン～自宅警備員の俺の部屋の壁にダンジョンの深淵を覗ける穴が空いた件,False,,,,,,0.0,2026-06-23
N5850LX,欲しがりな妹と注文の多い婚約者,False,,,,,,0.0,2026-06-23
N0074MH,「これより婚約の履行を宣言する」,False,,,,,,0.0,2026-06-23
N3186LS,都合のいい私を、辞めることにしました,False,,,,,,0.0,2026-06-23
N6871LK,前世で看取ってくれた人の身内と結婚した,False,,,,,,0.0,2026-06-23
N6494MH,夫も長男も当てになりませんので、伯爵家はわたくしが守ります。,False,,,,,,0.0,2026-06-23
N7979HV,商人令嬢はお金の力で無双する,True,B0FNM3SV52,https://www.amazon.co.jp/dp/B0FNM3SV52,商人令嬢はお金の力で無双する6,,,0.9655,2026-06-23
N6502MF,妹が「白いマントは私の方が似合います」と言うので、英雄の婚約者席も凱旋式の役目も譲りました。ですが遺族席を忘れていたようです【連載版】,False,,,,,,0.0,2026-06-23
N3609LK,幼馴染みの婚約者が、「学生時代は心から愛する恋人と過ごさせてくれ」と言ってきたので、秒で婚約解消を宣言した令嬢の前世が、社畜のおっさんだった件。,False,,,,,,0.0,2026-06-23
N5056JA,【コミカライズ&amp;書籍化 企画進行中】捨てられ聖女は契約結婚を満喫中。後悔してる？だから何？,False,,,,,,0.0,2026-06-23
N7673FF,【アニメ化】転生した大聖女は、聖女であることをひた隠す,True,B07SVX6ZQ8,https://www.amazon.co.jp/dp/B07SVX6ZQ8,転生した大聖女は、聖女であることをひた隠す1 (アース・スターノベル),,,0.6774,2026-06-23
N0730IT,二度目はタの付く自由業,False,,,,,,0.0,2026-06-23
N5458IK,【5/16～  コミカライズ連載開始！】悪役令嬢になりましたが、何か？【完結済】,False,,,,,,0.0,2026-06-23
N7036ID,魔物喰らいの冒険者,True,B0DPG2NXZX,https://www.amazon.co.jp/dp/B0DPG2NXZX,魔物喰らいの冒険者,,,1.0,2026-06-23
N9931LJ,養豚農家のおっさんだった令嬢が、「あなたを愛せない」と泣く婚約者を育ててみた。,False,,,,,,0.0,2026-06-23
N2537JS,騎士爵家　三男の本懐 【 書籍版 発売中！】,False,,,,,,0.0,2026-06-23
N4561KD,小物貴族が性に合うようです,True,B0G6BPLTGL,https://www.amazon.co.jp/dp/B0G6BPLTGL,小物貴族が性に合うようです (カドカワBOOKS),,,0.6842,2026-06-23
N3472MG,永遠にこの真実が沈黙されることを願って,False,,,,,,0.0,2026-06-23
N0092ME,悪役令嬢、胃袋を掴む,False,,,,,,0.0,2026-06-23
N8778MH,婚約破棄された弔い令嬢は、亡き王妃様の棺に白百合を置いただけでした――王家の罪が咲くとも知らずに,False,,,,,,0.0,2026-06-23
N9402LN,転生したらヴァイキングの農民でした。文化勝利を目指します,False,,,,,,0.0,2026-06-23
N9391MH,『さしすせそ』叔母が地雷貴公子との見合いをセッティングしてきます,False,,,,,,0.0,2026-06-23
N7082JH,【アース・スター金賞】　貴婦人たちの噂話は今日も楽しい　,False,,,,,,0.0,2026-06-23
N2281MF,愛しい人よ、気絶している間に全て解決だ　～婚約破棄から始まる逆転劇,False,,,,,,0.0,2026-06-23
N8247MF,捨てた婚約者は、今日も騒がしいのだろう,False,,,,,,0.0,2026-06-23
N3250LY,婚約破棄の瞬間に「前世の記憶」が戻りまして。〜ヒロインの座は譲りますので、私は推しキャラの側仕えを目指します！〜,False,,,,,,0.0,2026-06-23
N7084MD,今後の予定は無しにして下さい（連載版）,False,,,,,,0.0,2026-06-23
N5928MH,「あんまり調子乗ってると階段から突き落とすわよ！」と脅されましても,False,,,,,,0.0,2026-06-23
N6532HA,【書籍化＆コミカライズ】領地を立て直したい嫌われ者のお色気令嬢は女ったらしの成り上がり貴族に愛される,False,,,,,,0.0,2026-06-23
N8002ME,ほどほどが一番,False,,,,,,0.0,2026-06-23
N5432KK,【書籍②巻6/1発売】3度目の人生は、忘れ去られていた王女様でした（旧：３度目の転生は、忘れ去られていた王女様でした）,False,,,,,,0.0,2026-06-23
N5619FV,【アニメ3期決定】転生貴族、鑑定スキルで成り上がる～弱小領地を受け継いだので、優秀な人材を増やしていたら、最強領地になってた～,True,B08VS6HV53,https://www.amazon.co.jp/dp/B08VS6HV53,転生貴族、鑑定スキルで成り上がる ～弱小領地を受け継いだので、優秀な人材を増やしていたら、最強領地になってた～,,,0.9153,2026-06-23
N8959IQ,外れスキル【無限再生】が覚醒して世界最強になった　～最強の力を手にした俺は、敵対するその全てを蹂躙する～,False,,,,,,0.0,2026-06-23
N0745KY,【6/10書籍発売】誤解は解きません。悪女で結構です。,False,,,,,,0.0,2026-06-23
N0111MD,物に宿る精霊が見えるのでアンティークショップで働きます,False,,,,,,0.0,2026-06-23
N1081LQ,戦国転生したら秀長の息子でした ～宰相の子として豊臣を滅亡から救います～,False,,,,,,0.0,2026-06-23
N3082LP,転生姫はお飾り正妃候補。愛されないので自力で幸せ掴みます,False,,,,,,0.0,2026-06-23
N4174MF,辺境惑星で旧文明AIを起動したら、銀河インフラが再起動しはじめた 〜廃船修理のつもりが、星系管理者に登録されました〜,False,,,,,,0.0,2026-06-23
N2389JR,兵站将校は休みたい！,True,B0GX32VNJN,https://www.amazon.co.jp/dp/B0GX32VNJN,兵站将校は休みたい【電子特別版】,,,0.6923,2026-06-23
N4951LS,もう二度と助けを求めないでください,False,,,,,,0.0,2026-06-23
N5143LT,ちょっと留守にしていたら家が没落していました,True,4813793614,https://www.amazon.co.jp/dp/4813793614,ちょっと留守にしていたら家が没落していました 転生令嬢は前世知識と聖魔法で大事な家族を救います (ベリーズファンタジー),,,0.5366,2026-06-23
N2421EU,転生幼女はあきらめない,True,482420724X,https://www.amazon.co.jp/dp/482420724X,転生幼女はあきらめない１２,,,0.9167,2026-06-23
N3447MF,この中に１人、婚約者の病弱な幼馴染がいる！,False,,,,,,0.0,2026-06-23
N8496MA,〈Genesis of Anomaly〉〜恩寵という名のデバフを盛るほど強くなるVRMMOで、盛れるだけ盛ったオンボロ機械兵器のお話〜,False,,,,,,0.0,2026-06-23
N8883LT,脇役転生くんのいる世界の小話,False,,,,,,0.0,2026-06-23
N0089MH,雪山に捨てられた少女、伝説の元最強諜報員に拾われる。無自覚万能令嬢は『普通の生活』をお望みです！,False,,,,,,0.0,2026-06-23
N7023LZ,脇役転生したからチート主人公の腰巾着しようと思った,False,,,,,,0.0,2026-06-23
N4353IM,婚約者から「第二夫人になって欲しい」と言われ、キレて拳（グーパン）で懲らしめたのちに、王都にある魔法学校に入学した話,False,,,,,,0.0,2026-06-23
N9450FL,辺境ぐらしの魔王、転生して最強の魔術師になる　〜愛されながら成り上がる元魔王は、人間を知りたい〜,True,B08VRJ4GXH,https://www.amazon.co.jp/dp/B08VRJ4GXH,辺境ぐらしの魔王、転生して最強の魔術師になる　１ (MFC),,,0.5897,2026-06-23
N9530EY,白豚貴族だったどうしようもない私に前世の記憶が生えた件 (書籍：白豚貴族ですが前世の記憶が生えたのでひよこな弟育てます),True,B0GWNSFBLS,https://www.amazon.co.jp/dp/B0GWNSFBLS,白豚貴族ですが前世の記憶が生えたのでひよこな弟育てます17,,,0.6067,2026-06-23
N4975MD,アラサーＴＳメスガキ魔法少女に煽られて恥ずかしくないの？♡ざぁーこ♡,False,,,,,,0.0,2026-06-23
N8396FT,前世と今世の幸せ,False,,,,,,0.0,2026-06-23
N3155MF,空いた隣席を、社交界の皆さまは静かに見ていらっしゃいました,False,,,,,,0.0,2026-06-23
N9510MF,利用されてきた公爵令嬢ですが、わたくしがこれから貴方達を利用するのよ。,False,,,,,,0.0,2026-06-23
N7421IU,【5/1書籍③発売】異世界で、夫の愛は重いけど可愛い子どもをほのぼの楽しく育てたい,True,4803023476,https://www.amazon.co.jp/dp/4803023476,異世界で、夫の愛は重いけど可愛い子どもをほのぼの楽しく育てたい ~悪役王女、幸せルート目指します~ (1) (アース・スター コミックス),,,0.5636,2026-06-23
N6802LI,公爵令嬢クラリスの矜持,False,,,,,,0.0,2026-06-23
N5308MF,真実の愛（笑）の行方について,False,,,,,,0.0,2026-06-23
N5640LK,「君を愛する事はない」と言われましたが王命なのでお互い様です。,False,,,,,,0.0,2026-06-23
N8273HJ,没落伯爵令嬢は家族を養いたい,True,B0GPS4HFVY,https://www.amazon.co.jp/dp/B0GPS4HFVY,没落伯爵令嬢は家族を養いたい　短編集 (Celicaノベルス),,,0.6222,2026-06-23
N1446KQ,卒業式の断罪　ただし婚約破棄にあらず,False,,,,,,0.0,2026-06-23
N1422MC,完璧超人な婚約者が僕を好き過ぎる,False,,,,,,0.0,2026-06-23
N1445MC,無断婚約破棄の罰則は王位継承権剥奪の上平民落ち、断種、鉱山送りを希望します,False,,,,,,0.0,2026-06-23
N5090FY,【本編完結済】２度目の異世界は周到に,False,,,,,,0.0,2026-06-23
N4660FN,狂乱令嬢ニア・リストン,False,,,,,,0.0,2026-06-23
N6203JF,【書籍化】死にたがりの王女【コミカライズ進行中】,False,,,,,,0.0,2026-06-23
N1454HS,不遇皇子は天才錬金術師～皇帝なんて柄じゃないので弟妹を可愛がりたい～,True,B0BZS283RQ,https://www.amazon.co.jp/dp/B0BZS283RQ,不遇皇子は天才錬金術師～皇帝なんて柄じゃないので弟妹を可愛がりたい～【電子書籍限定書き下ろしSS付き】,,,0.8,2026-06-23
N9980LU,【連載版】愛してると言われても、頭上の数値は『殺意MAX』ですが？,False,,,,,,0.0,2026-06-23
N2586IZ,【ＷＥＢ版】幸運の初期値が異常に高かった高校生が、缶詰ガチャで手に入れたスキルを使って現代ダンジョンで最強になる物語【ＬＦ年間1位】,False,,,,,,0.0,2026-06-23
N4069JG,左遷錬金術師の辺境暮らし　～元エリートは二度目の人生も失敗したので辺境でのんびりとやり直すことにしました～ ,True,B0F61J7JKX,https://www.amazon.co.jp/dp/B0F61J7JKX,左遷錬金術師の辺境暮らし　元エリートは二度目の人生も失敗したので辺境でのんびりとやり直すことにしました (カドカワBOOKS),,,0.8889,2026-06-23
N4540ME,その元奥様、犯罪者ではありませんこと？,False,,,,,,0.0,2026-06-23
N9629EX,最弱テイマーはゴミ拾いの旅を始めました。,True,B09Z1TJ9NG,https://www.amazon.co.jp/dp/B09Z1TJ9NG,【TOジュニア文庫】最弱テイマーはゴミ拾いの旅を始めました。1,,,0.7843,2026-06-23
N7624ME,凡人騎士の俺を追い出そうとした騎士団が、最強の女騎士にボイコットされて崩壊しかけた話,False,,,,,,0.0,2026-06-23
N2742LM,愛せる要素が、殿下にありまして？,False,,,,,,0.0,2026-06-23
N5580ME,時計塔の鐘が鳴る,False,,,,,,0.0,2026-06-23
N1203KS,残念と呼ばれた王女が幸せをつかむまで,False,,,,,,0.0,2026-06-23
N2064GU,大商家の愛娘（幼女）ですが、毎日元気いっぱいに暮らしていたら攻略対象の過去トラウマを一掃しちゃってたみたいです【コミカライズ１巻発売中！】,True,B0CYZKXRX9,https://www.amazon.co.jp/dp/B0CYZKXRX9,大商家の愛娘（幼女）ですが、毎日元気いっぱいに暮らしていたら攻略対象の過去トラウマを一掃しちゃってたみたいです【電子版限定書き下ろしSS付】 (マッグガーデン・ノベルズ),,,0.7403,2026-06-23
N0182MI,君を愛することはないと言われた妻ですが、蚊に転生しました,False,,,,,,0.0,2026-06-23
N3130LR,私、曇りの聖女と呼ばれたけれど！　～転生悪女が授かったトンデモギフトの正体は何？～,False,,,,,,0.0,2026-06-23
N2357DN,薬の魔物の解雇理由,False,,,,,,0.0,2026-06-23
N9164ME,魔法使いですが、「魔法なし縛り」で薬師をめざして修行してみました,False,,,,,,0.0,2026-06-23
N5894MI,憎っくき黒き悪魔が『馴れ初め』なんて誰にも言えない,False,,,,,,0.0,2026-06-23
N6774EH,元・世界１位のサブキャラ育成日記 ～廃プレイヤー、異世界を攻略中！～,True,B07XPSYC2N,https://www.amazon.co.jp/dp/B07XPSYC2N,元・世界１位のサブキャラ育成日記　～廃プレイヤー、異世界を攻略中！～　（１） (角川コミックス・エース),,,0.7674,2026-06-23
N5135LZ,真実の愛の裏側,False,,,,,,0.0,2026-06-23
N5432IE,聖女の加護を双子の妹に奪われたので旅に出ます,True,B0CW1GXBN3,https://www.amazon.co.jp/dp/B0CW1GXBN3,聖女の加護を双子の妹に奪われたので旅に出ます　1 【電子書店共通特典SS付】 (アース・スター ルナ),,,0.6027,2026-06-23
N8085HG,短編「モブ令嬢に転生して魔法学園に入ったけど、なんか色々混ざってる」,False,,,,,,0.0,2026-06-23
N7308HE,手札が多めのビクトリア１〜元工作員は人生をやり直し中〜【書籍化・コミカライズ・アニメ化】,False,,,,,,0.0,2026-06-23
N3845HM,生まれ変わった女騎士は、せっかくなので前世の国に滞在してみた～縁のある人たちとの再会を懐かしんでいたら、最後に元ご主人様に捕まりました【電子書籍配信中】,False,,,,,,0.0,2026-06-23
N6981GN,【web版】ブチ切れ令嬢は報復を誓いました。〜魔導書の力で祖国を叩き潰します〜,False,,,,,,0.0,2026-06-23
N2996ME,【連載版】婚約破棄された公爵令嬢が「どこにも行かず、ただ走らせて」と言ったので、辻馬車は夜の王都を走り続ける,False,,,,,,0.0,2026-06-23
N0833LK,魅力を捨てた悪役令嬢は、他の魅力で無双する②,False,,,,,,0.0,2026-06-23
N2503MH,史上最強勇者御一行様（パートのおばちゃん）,False,,,,,,0.0,2026-06-23
N3327ME,とっても幸せな王子,False,,,,,,0.0,2026-06-23
N9915KJ,最強付与士の無自覚ハーレム冒険譚　～仲間の顔も素性も知らないけどたぶん全員男だと思う～,True,B0H2F3C65D,https://www.amazon.co.jp/dp/B0H2F3C65D,最強付与士の無自覚ハーレム冒険譚　仲間の顔も素性も知らないけどたぶん全員男だと思う (ドラゴンノベルス),,,0.8632,2026-06-23
N2317MH,理不尽な婚約破棄に対して、聞かれていなければ何を言ってもいいよね？,False,,,,,,0.0,2026-06-23
N3247LD,【連載版】悪意しかない王命結婚、確かに承りました。,False,,,,,,0.0,2026-06-23
N4821KP,つるっぱげの末姫,False,,,,,,0.0,2026-06-23
N2750JS,【書籍化】婚約していないのに婚約破棄された私のその後,True,B0H2XPFB3Z,https://www.amazon.co.jp/dp/B0H2XPFB3Z,婚約していないのに婚約破棄された私のその後 1 (オルタンシア),,,0.7241,2026-06-23
N7361LZ,悪役顔令嬢の躾けた弟,False,,,,,,0.0,2026-06-23
N0892MI,石田三成、職務放棄します,False,,,,,,0.0,2026-06-23
N8127HE,青春捧げて30000戦！～村を守るために戦い続けた少女、モンスターはどれだけ倒しても絶滅しないと知った時には《最強の野生児》になってました～,False,,,,,,0.0,2026-06-23
N5824CT,神達に拾われた男（改訂版）,True,B075L3MT9H,https://www.amazon.co.jp/dp/B075L3MT9H,神達に拾われた男1 (ＨＪノベルス),,,0.5161,2026-06-23
N6055LA,【コミカライズ】夫が王女殿下の護衛騎士に任命されて帰ってこないので助けに行こうと思います,False,,,,,,0.0,2026-06-23
N2431MG,「私ね、女王になりたいの」,False,,,,,,0.0,2026-06-23
N6090ME,何度死に戻っても処刑されるので、王子を先に断罪することにしました,False,,,,,,0.0,2026-06-23
N8508MF,お前の髪色では嫁に行けないと言われましたが、騎士様と結婚して幸せになりました。,False,,,,,,0.0,2026-06-23
N9674MD,「帰ったら結婚しよう」と旅立った勇者の幼馴染は、帰還せず聖女様と結婚するそうです,False,,,,,,0.0,2026-06-23
N2535HP,手札が多めのビクトリア ２ 【書籍化・コミカライズ・アニメ化】,False,,,,,,0.0,2026-06-23
N1624FI,【アニメ化決定】貴族転生～恵まれた生まれから最強の力を得る,True,B07WWBCTHZ,https://www.amazon.co.jp/dp/B07WWBCTHZ,貴族転生　～恵まれた生まれから最強の力を得る～ (GAノベル),,,0.7,2026-06-23
N2755MI,嫁ぎ先にブラコンの義姉がいた場合の対処法,False,,,,,,0.0,2026-06-23
N5044MH,婚約指輪を妹に譲れと言われました。構いません、その石は最初から割れています,False,,,,,,0.0,2026-06-23
N1510LC,トリニティアイ　-転生平民魔術師の王城勤務-,False,,,,,,0.0,2026-06-23
N3411MI,病弱な婚約者が幼馴染を優先して呼びつけます,False,,,,,,0.0,2026-06-23
N2147KD,【電書化】処刑された令嬢、今世は聖女として幸せを掴みます！,False,,,,,,0.0,2026-06-23
N0481HQ,《書籍化、コミカライズ》稀代の悪女、三度目の人生で【無才無能】を楽しむ,True,B0G69QXSXY,https://www.amazon.co.jp/dp/B0G69QXSXY,稀代の悪女、三度目の人生で【無才無能】を楽しむ５ (カドカワBOOKS),,,0.6479,2026-06-23
N6149GV,中年魔術師の悠々自適なダンジョン攻略～スキルオーブを使ったら最強スキルを手に入れたので、好きに生きようと思います～,True,B0GR7S8M14,https://www.amazon.co.jp/dp/B0GR7S8M14,中年魔術師の悠々自適なダンジョン攻略～スキルオーブを使ったら最強スキルを手に入れたので、好きに生きようと思います～@COMIC 第6巻 (コロナ・コミックス),,,0.8382,2026-06-23
N1813JR,【書籍化】錬金術師カレンはもう妥協しません【2巻発売・コミカライズ】,False,,,,,,0.0,2026-06-23
N2925HR,気弱令嬢に成り代わった元悪女,True,B0H2WLN33R,https://www.amazon.co.jp/dp/B0H2WLN33R,気弱令嬢に成り代わった元悪女,,,1.0,2026-06-23
N1442MI,若い女性がお好きなあなたへ,False,,,,,,0.0,2026-06-23
N3333LP,翻訳破棄 ～腹黒姫とお人好し魔王～,False,,,,,,0.0,2026-06-23
N5651MG,「夕方に灯をつけるだけの女」と婚約者に笑われました。では、王都の夜灯台帳から私の名を消します,False,,,,,,0.0,2026-06-23
N6078MF,タロット令嬢、今日の運勢を占う,False,,,,,,0.0,2026-06-23
N8514MF,またあの子を優先するのですか？　では、婚約式は私ひとりで終わらせます――王太子殿下、正式な記録はもう残しました,False,,,,,,0.0,2026-06-23
N4241LY,残り時間0.2秒で、断罪を回避する,False,,,,,,0.0,2026-06-23
N0721LZ,『運命の番』はいりません,False,,,,,,0.0,2026-06-23
N4007MB,【透視チート】会社をクビになった俺、ダンジョン配信でバズって人生逆転する,False,,,,,,0.0,2026-06-23
N4205MF,ハズレスキル「雑巾がけ」で世界をきれいにしていきます,False,,,,,,0.0,2026-06-23
N5028HH, 魔物をペット化する能力が目覚めたので、騎士団でスローライフします,False,,,,,,0.0,2026-06-23
N5122MD,未練があるなんて、思わないで下さい,False,,,,,,0.0,2026-06-23
N3459MG,私、浮気しないでって言いましたよね！？,False,,,,,,0.0,2026-06-23
N4175IS,修羅場丸ごと異世界召喚　～ダンナは『勇者()』、浮気相手は『せいじょ』サマ。『主婦』の私は不要ですね？～,True,B0FLJ2SR32,https://www.amazon.co.jp/dp/B0FLJ2SR32,修羅場丸ごと異世界召喚　～ダンナは『勇者()』、浮気相手は『せいじょ』サマ。『主婦』の私は不要ですね？～１ (MFブックス),,,0.9123,2026-06-23
N0109FX,羽林、乱世を翔る（異伝　淡海乃海 水面が揺れる時）,True,B08PTS9Y58,https://www.amazon.co.jp/dp/B08PTS9Y58,羽林、乱世を翔る～異伝　淡海乃海～ 第1巻 (コロナ・コミックス),,,0.5517,2026-06-23
N2613MG,砂漠の女神の愛し子と類稀な美貌の宰相令息,False,,,,,,0.0,2026-06-23
N6343MG,婚約破棄され火炙りを命じられたので、結界を解除しました。国が滅びますが知りません。,False,,,,,,0.0,2026-06-23
N0474ME,三十代社畜の俺、中二に戻って人生無双を始める　〜なお宝くじの番号は覚えていない〜,False,,,,,,0.0,2026-06-23
N5868LO,確かに私の妹だけどいじめたのは私じゃない,False,,,,,,0.0,2026-06-23
N2370JG,独身おじさんの異世界ライフ～結婚しません、フリーな独身こそ最高です～,True,B0F8ZCZDC6,https://www.amazon.co.jp/dp/B0F8ZCZDC6,独身おじさんの異世界ライフ～結婚しません、フリーな独身こそ最高です～,,,1.0,2026-06-23
N7056HM,【WEB版】やり込んだ乙女ゲームの悪役モブですが、断罪は嫌なので真っ当に生きます【書籍＆コミカライズ大好評発売中】,True,B0B6FKN9XS,https://www.amazon.co.jp/dp/B0B6FKN9XS,やり込んだ乙女ゲームの悪役モブですが、断罪は嫌なので真っ当に生きます【電子書籍限定書き下ろしSS付き】,,,0.7037,2026-06-23
N1219GV,魔王と勇者の戦いの裏で　～ゲーム世界に転生したけど友人の勇者が魔王討伐に旅立ったあとの国内お留守番（内政と防衛戦）が俺のお仕事です～,True,B09V2MTMV5,https://www.amazon.co.jp/dp/B09V2MTMV5,魔王と勇者の戦いの裏で 1　～ゲーム世界に転生したけど友人の勇者が魔王討伐に旅立ったあとの国内お留守番（内政と防衛戦）が俺のお仕事です～ (オーバーラップ文庫),,,0.9041,2026-06-23
N7187MA,「お姉様はいつも楽をしてずるい」と泣いた妹へ。あなたの望み通り聖女の場を譲りますーあら、どうして1日で国が崩壊しているの？ー,False,,,,,,0.0,2026-06-23
N8054JT,死に戻りの処方箋,False,,,,,,0.0,2026-06-23
N1983MF,昭和の話,False,,,,,,0.0,2026-06-23
N0171MF,思いがけない幸運なモトサヤに恵まれました,False,,,,,,0.0,2026-06-23
N9846KR,大事なものは決まってる,False,,,,,,0.0,2026-06-23
N7567MA,「この人が彼氏です！」と学園アイドルに言われたモブ、逃げられなくなる,False,,,,,,0.0,2026-06-23
N2828MH,【後日談追加】話が違う？いいえ、それは私のセリフですよ,False,,,,,,0.0,2026-06-23
N7351MC,ハムスターになった王子は自らの愚かさを知る,False,,,,,,0.0,2026-06-23
N4628LR,『彼を解放して！』とおっしゃいましたが、何から解放されたいのですか？,False,,,,,,0.0,2026-06-23
N0223LY,【連載版】愛されない当て馬妻に転生したので、読者として推しの物語を堪能することにした。,False,,,,,,0.0,2026-06-23
N1853HY,【書籍＆コミカライズ化】ハイブルク家三男は小悪魔ショタです,False,,,,,,0.0,2026-06-23
N5128BY,休暇だと思って楽しみます。(書籍版「穏やか貴族の休暇のすすめ。」),True,4864727430,https://www.amazon.co.jp/dp/4864727430,穏やか貴族の休暇のすすめ。２,,,0.5532,2026-06-23
N6895GP,片田舎のおっさん、剣聖になる　～ただの田舎の剣術師範だったのに、大成した弟子たちが俺を放ってくれない件～,True,B08ZXYX3YZ,https://www.amazon.co.jp/dp/B08ZXYX3YZ,片田舎のおっさん、剣聖になる　1　～ただの田舎の剣術師範だったのに、大成した弟子たちが俺を放ってくれない件～ (デジタル版SQEXノベル),,,0.8595,2026-06-23
N8062GX,【コミカライズ＆電子書籍化決定】とある令嬢の逆転劇〜お覚悟はよろしくて？〜,False,,,,,,0.0,2026-06-23
N6450MI,泥まみれの妻が恥でしたら、どうぞ薔薇だけで冬をお越しください,False,,,,,,0.0,2026-06-23
N4218CW,新しいゲーム始めました。～使命もないのに最強です？～,True,B0DK4Y1M4P,https://www.amazon.co.jp/dp/B0DK4Y1M4P,【合本版1-10巻】新しいゲーム始めました。～使命もないのに最強です？～,,,0.8387,2026-06-23
N3144MC,Fランク荷物持ちのバズりキャンプ飯 〜無能と追放され最深部でヤケクソ配信したら、ラスボス神獣が餌付けされました〜,False,,,,,,0.0,2026-06-23
N8498KQ,後世で何故か『4賢人』の1人と称えられるチンピラ冒険者,False,,,,,,0.0,2026-06-23
N1784GA,【アニメ化】ループ7回目の悪役令嬢は、元敵国で自由気ままな花嫁生活を満喫する,True,B096RNH7JZ,https://www.amazon.co.jp/dp/B096RNH7JZ,ループ7回目の悪役令嬢は、元敵国で自由気ままな花嫁生活を満喫する 1 (ガルドコミックス),,,0.7711,2026-06-23
N0245MG,婚約式の誓約書から私の名前を消したのですね。では、王宮記録官として正式に無効処理いたします,False,,,,,,0.0,2026-06-23
N3572KD,十五年の石化から目覚めた元王女は、夫と娘から溺愛される,True,B0FYDGJ6LL,https://www.amazon.co.jp/dp/B0FYDGJ6LL,十五年の石化から目覚めた元王女は、夫と娘から溺愛される（ノベル） (Mノベルスｆ),,,0.7941,2026-06-23
N1174MA,リストラされたので底辺ダンジョンでひっそり配信してたら、なぜか世界中にバレた,False,,,,,,0.0,2026-06-23
N5402LW,【四章完結！】『病弱だった前世の未練をダンジョンで晴らす～レベルリセットの「倦怠感」に耐え、全初級職を制覇した俺。単独ダンジョンの隠し報酬とルート統合で、世界唯一の最上級職【魔王】へ～』,False,,,,,,0.0,2026-06-23
N6176ME,病弱幼なじみには「俺がいないとダメなんだ」なら、一生背負わせてあげましょう。,False,,,,,,0.0,2026-06-23
N0645LW,[26万PV達成！感謝]長慶さんに転生してしまった！,False,,,,,,0.0,2026-06-23
N7566MC,これが貴族社会というものだ。,False,,,,,,0.0,2026-06-23
N7558MC,【後日談追加】「リリア様くらいお年を召せば、恥も噂も気にならなくなるのですね（笑）」,False,,,,,,0.0,2026-06-23
N4620JW,【書籍化＆コミカライズ】記憶を失ったらあなたへの恋心も消えました。,False,,,,,,0.0,2026-06-23
N3715MG,酒に弱いと聞く旦那様を酔わせて筋肉を堪能するつもりでした。,False,,,,,,0.0,2026-06-23
N0411MG,「価値なし」と王子に婚約破棄されそうになった子爵令嬢ですが、見つけたのは王家を裁く建国契約でした,False,,,,,,0.0,2026-06-23
N2339KU,ピンクブロンドのヒロイン何故か色々巻き込まれる,False,,,,,,0.0,2026-06-23
N7793MF,冷遇後の溺愛？そんなものはクソ喰らえ,False,,,,,,0.0,2026-06-23
N4719MH,釘は刺しましたからね？,False,,,,,,0.0,2026-06-23
N1749LZ,悪役令嬢のお父様,False,,,,,,0.0,2026-06-23
N5120KR,とある平凡だった男が捧げる“真実の愛”,False,,,,,,0.0,2026-06-23
N1052IB,誰が勇者を殺したか,True,B0FF3Z6L8K,https://www.amazon.co.jp/dp/B0FF3Z6L8K,誰が勇者を殺したか　（１） (カドコミ),,,0.6207,2026-06-23
N2225HG,【書籍化＆コミカライズ】婚約破棄されたいので素顔を隠して残念令嬢になります！　え？腹黒王子にバレてるとか聞いてないんですけど！？,True,B0GYR3B4ZQ,https://www.amazon.co.jp/dp/B0GYR3B4ZQ,婚約破棄されたいので素顔を隠して残念令嬢になります！え？腹黒王子にバレてるとか聞いてないんですけど！？【単話版】１ (PASH! コミックス),,,0.7556,2026-06-23
N6641MI,婚約者が健康な幼馴染を優先します,False,,,,,,0.0,2026-06-23
N7108MD,私は「病弱を理由に幼馴染を呼び出して婚約者を困らせる令嬢」らしい,False,,,,,,0.0,2026-06-23
N6117HG,【小説8巻5/19発売・コミカライズ３巻発売中】転生アラサー女子の異世改活 　政略結婚は嫌なので、雑学知識で楽しい改革ライフを決行しちゃいます！【Web版】,False,,,,,,0.0,2026-06-23
N1598IQ,【コミカライズ】婚約破棄ですか？　私の婚約者はちゃんと別にいて、あなたではないのです。,False,,,,,,0.0,2026-06-23
N9541LH,修復ギフト持ちの貴族の息子でしたが追放されました,False,,,,,,0.0,2026-06-23
N3320JX,俺はこの世界がモブでも【廃人】になれば最強になれることを知っている　【書籍第2巻及びコミックス第１巻 発売中！！】,True,B0GLNDBKTT,https://www.amazon.co.jp/dp/B0GLNDBKTT,俺はこの世界がモブでも【廃人】になれば最強になれることを知っている@COMIC 第1巻 (コロナ・コミックス),,,0.7143,2026-06-23
N0564MD,もう遅い。世界はとっくに変わっている,False,,,,,,0.0,2026-06-23
N5915JU,なぜか男爵令嬢に親切な公爵令嬢の話,False,,,,,,0.0,2026-06-23
N5287IO,推しから溺愛される義妹に転生しました,True,B0H42N5GW7,https://www.amazon.co.jp/dp/B0H42N5GW7,推しから溺愛される義妹に転生しました【分冊版】,,,0.878,2026-06-23
N7334HZ,【書籍化＆コミカライズ】冒険者アル  －あいつの魔法はおかしい,False,,,,,,0.0,2026-06-23
N7529GB,【4/15コミックス7巻発売】元、落ちこぼれ公爵令嬢です。（WEB版）,False,,,,,,0.0,2026-06-23
N7853ME,元ITエンジニアの俺、祖先の召喚術から召喚プログラムを組み上げて神も悪魔も従える,False,,,,,,0.0,2026-06-23
N2610IC,【コミカライズ】日頃の行いがモノをいう,False,,,,,,0.0,2026-06-23
N5826MG,ただ、婚約破棄したいだけだった,False,,,,,,0.0,2026-06-23
N7964MB,王妃教育も社交界も、全部うんざりです,False,,,,,,0.0,2026-06-23
N9367MH,嫉妬令嬢にリボンを破いた罪を着せられましたが、王太子殿下の脅しで真実が暴かれました。,False,,,,,,0.0,2026-06-23
N3531GM,【書籍化】死に戻り魔術姫は勇者より先に魔王を倒します　～前世から引き継いだチート魔術で未来を変え、新しい恋に生きる～,False,,,,,,0.0,2026-06-23
N4109MI, 転生令嬢はないしょの占い師 〜インチキ占いで天下を狙います,False,,,,,,0.0,2026-06-23
N2264JA,【コミカライズ】バツイチ王妃の決めたこと,False,,,,,,0.0,2026-06-23
N2679ME,危機コンサルのダンジョン経営！？～転生したら5歳児の僕、悪辣サスティナブルダンジョンで魔物にドン引きされる～,False,,,,,,0.0,2026-06-23
N4309GO,逃がした魚は大きかったが釣りあげた魚が大きすぎた件,True,B09BJP8M6N,https://www.amazon.co.jp/dp/B09BJP8M6N,逃がした魚は大きかったが釣りあげた魚が大きすぎた件 (デジタル版SQEXノベル),,,0.7692,2026-06-23
N9064MC,「真実の愛」に翻弄され「お前を愛することはない」と言われた令嬢が本当に欲しかったもの,False,,,,,,0.0,2026-06-23
N4809DW,いらないスキル買い取ります　【連載版】,True,B0F3CWL7JP,https://www.amazon.co.jp/dp/B0F3CWL7JP,いらないスキル買い取ります,,,0.8125,2026-06-23
N1461MD,幼馴染を優先され続けた彼女は、夜会でいつもひとりだった,False,,,,,,0.0,2026-06-23
N3842IZ,【書籍2巻まで発売中＆コミカライズ連載中】公爵夫人に相応しくないと離縁された私の話。,False,,,,,,0.0,2026-06-23
N1506MB,悪役令嬢の現実,False,,,,,,0.0,2026-06-23
N6940MF,義妹を毒殺しようとした悪女だと断罪されましたが、本当に毒を盛られていたのは王太子殿下でした——私を嵌めた義妹は、不思議な馬車で自分の罪の証拠を集めていました,False,,,,,,0.0,2026-06-23
N5649MG,王宮昼餐会の献立表を妹に書かせるそうです。では、食物禁忌台帳は白紙で提出いたします,False,,,,,,0.0,2026-06-23
N0363MG,白い結婚だと言われましたので、旦那様の領地だけ幸せにして出ていきます,False,,,,,,0.0,2026-06-23
N5256MA,面倒なので黙っていたら天才参謀と誤解されました,False,,,,,,0.0,2026-06-23
N6869MH,取り替えられた令嬢は終わりを待つ,False,,,,,,0.0,2026-06-23
N3582HB,あなたのお城の小人さん　～空を翔る配管工～,True,B0FK4S3BV7,https://www.amazon.co.jp/dp/B0FK4S3BV7,あなたのお城の小人さん　～空を翔る配管工～ 1巻 (デジタル版SQEXノベル),,,0.7,2026-06-23
N3835MA,幼なじみに「どうせ押し倒す度胸もないくせに」と散々煽られたので、朝チュンしてやった,False,,,,,,0.0,2026-06-23
N2518LX,春の避暑地で,False,,,,,,0.0,2026-06-23
N7133MI,女性を家に連れ込むのが呼吸と同じで止められないと言うのなら,False,,,,,,0.0,2026-06-23
N7651MF,夫は、ほぼ透明人間,False,,,,,,0.0,2026-06-23
N5461MG,暗殺の標的の悪女令嬢が死に戻り続けるんだが,False,,,,,,0.0,2026-06-23
N8402JU,アカデミー最強のモブヒーラー　～死にゲー世界のモブに転生した俺は、外れジョブ【ヒーラー】と原作知識で無双する～,True,4065441358,https://www.amazon.co.jp/dp/4065441358,アカデミー最強のモブヒーラー ~死にゲー世界のモブに転生した俺は、外れジョブ【ヒーラー】と原作知識で無双する~(1) (ヤンマガKCスペシャル),,,0.8189,2026-06-23
N4234IQ,王都の行き止まりカフェ『隠れ家』～うっかり魔法使いになった私の店に筆頭文官様がくつろぎに来ます～【書籍化・コミカライズ】,True,B0G5PPFYXQ,https://www.amazon.co.jp/dp/B0G5PPFYXQ,王都の行き止まりカフェ『隠れ家』 ～うっかり魔法使いになった私の店に筆頭文官様がくつろぎに来ます～,,,0.8807,2026-06-23
N3215GP,【アニメ化】雑用付与術師が自分の最強に気付くまで 〜迷惑をかけないようにしてきましたが、追放されたので好きに生きることにしました～,True,B08WRZL87Z,https://www.amazon.co.jp/dp/B08WRZL87Z,雑用付与術師が自分の最強に気付くまで～迷惑をかけないようにしてきましたが、追放されたので好きに生きることにしました～ (Mノベルス),,,0.8702,2026-06-23
N1034MF,真面目令嬢「有責側からの婚約破棄はできません。落ち着いてください」,False,,,,,,0.0,2026-06-23
N1318KQ,投げたら刺さった～ラッキーヒットで領主になった僕の成り上がり英雄譚～【Web版】,False,,,,,,0.0,2026-06-23
N2377FH,最強出涸らし皇子の暗躍帝位争い～帝位に興味ないですが、死ぬのは嫌なので弟を皇帝にしようと思います～,False,,,,,,0.0,2026-06-23
N9283LW,国境から始まる工業革命 ―転生エンジニア領地開発記―,False,,,,,,0.0,2026-06-23
N1337CN,公爵令嬢の嗜み,True,B017GKFNFS,https://www.amazon.co.jp/dp/B017GKFNFS,公爵令嬢の嗜み (カドカワBOOKS),,,0.5385,2026-06-23
N8156IK,ララティーナの婚約　【電子書籍化】【コミカライズ連載中】,False,,,,,,0.0,2026-06-23
N1970MH,BSS 俺を嵌めようとするいじめっ子にNTRされた幼馴染ごと断罪する,False,,,,,,0.0,2026-06-23
N6101LY,好きなだけ翻訳していいと言われて後妻になりましたが、年上伯爵様に甘やかされすぎています！,False,,,,,,0.0,2026-06-23
N9584GD,【連載版】信じていた仲間達にダンジョン奥地で殺されかけたがギフト『無限ガチャ』でレベル９９９９の仲間達を手に入れて元パーティーメンバーと世界に復讐＆『ざまぁ！』します！,True,B0GP5LXYZG,https://www.amazon.co.jp/dp/B0GP5LXYZG,信じていた仲間達にダンジョン奥地で殺されかけたがギフト『無限ガチャ』でレベル9999の仲間達を手に入れて元パーティーメンバーと世界に復讐＆『ざまぁ！』します！ 15,,,0.9036,2026-06-23
N8750ME,第一王子ジュリアンは、弟を王位につけたい,False,,,,,,0.0,2026-06-23
N9078LX,悪役令嬢にされる予定でしたが、先に舞台から降ります。【500万PV感謝】,False,,,,,,0.0,2026-06-23
N9069MG,裏切らない夫だと信じていました。離婚届は私が用意いたします,False,,,,,,0.0,2026-06-23
N9127MH,彼女は彼の運命の人,False,,,,,,0.0,2026-06-23
N3214MG,異世界帰りのおばさん、猫を飼う。,False,,,,,,0.0,2026-06-23
N9762LA,「貴女を愛することはない」宣言からのハッピーエンド,False,,,,,,0.0,2026-06-23
N8440FE, お隣の天使様にいつの間にか駄目人間にされていた件,True,B07SNC3BNC,https://www.amazon.co.jp/dp/B07SNC3BNC,お隣の天使様にいつの間にか駄目人間にされていた件 (GA文庫),,,0.8571,2026-06-23
N8361MD,娘が「転生ヒロイン」だと言い出したのですが,False,,,,,,0.0,2026-06-23
N1354HZ,おひとり様には慣れましたので。,True,4758019177,https://www.amazon.co.jp/dp/4758019177,おひとり様には慣れましたので。 婚約者放置中！（1） (comic LAKE),,,0.5556,2026-06-23
N9964MD,魅了にかけられた王子達はヒロインを追い詰める,False,,,,,,0.0,2026-06-23
N3670MA,わたくしが努力していたのは、あなたの為ではありません,False,,,,,,0.0,2026-06-23
N9710KP,処刑された公爵令嬢、どうやら一年前からやり直せるらしい。,False,,,,,,0.0,2026-06-23
N1267EW,初めての旅は異世界で,True,4040659139,https://www.amazon.co.jp/dp/4040659139,初めての旅は異世界で 1 (MFブックス),,,0.6452,2026-06-23
N0768MG,深夜、隣のお姉さんと。～大学では完璧な『生協の女神』が、俺の部屋で無防備に甘えてくる～,False,,,,,,0.0,2026-06-23
N9587MF,「治癒師など金で雇える」と婚約破棄されましたが、私は王国唯一の聖女でした　〜支援を打ち切った途端、公爵家が詰んだようですが、もう戻りません〜,False,,,,,,0.0,2026-06-23
N2725MF,我儘で好きな人を手に入れたら、待っていたのは白い結婚でした,False,,,,,,0.0,2026-06-23
N1324LC,【書籍化進行中】先に仕掛けてきたのはそちらですよね？　絶対に被害者面で私を冷遇したい婚約者とその本命 VS 絶対に被害者面で制す私　ファイッ,False,,,,,,0.0,2026-06-23
N2771ME,聖女？悪役令嬢？それわたくしに関係ありますか？,False,,,,,,0.0,2026-06-23
N9218MF,危機コンサルのダンジョン経営！？②～出張先でも悪辣全開！ 冒険者に内ゲバを仕掛けたら、またも魔物にドン引きされる～,False,,,,,,0.0,2026-06-23
N4759MG,婚約の記憶（だけ）を失った侯爵令嬢は、人生をやり直すことにしました,False,,,,,,0.0,2026-06-23
N3295MF,二組同時の婚約破棄で、何故かわたしが言い寄られ？,False,,,,,,0.0,2026-06-23
N5747MF,聖女加護、解約済みです。王太子殿下の頭皮は自己責任でございます,False,,,,,,0.0,2026-06-23
N2054MI,守る人を間違えた,False,,,,,,0.0,2026-06-23
N1453LW,【完結】さすがに婚約の継続を望まれるのは、図々しいと思いますけど？【後日談追加】,False,,,,,,0.0,2026-06-23
N7292HS,どうも、物欲の聖女です～無双スキル「クリア報酬」で盛大に勘違いされました～【Web版】,True,B0GCFW8J1H,https://www.amazon.co.jp/dp/B0GCFW8J1H,どうも、物欲の聖女です～無双スキル「クリア報酬」で盛大に勘違いされました～,,,0.925,2026-06-23
N6294GX,【電子書籍化】私の可愛い、可哀想な夫【コミカライズ】,False,,,,,,0.0,2026-06-23
N0527GL,【書籍化・コミカライズ】婚約破棄されたので、好きにすることにした。,True,B0CZN8BN3K,https://www.amazon.co.jp/dp/B0CZN8BN3K,婚約破棄されたので、好きにすることにした。 分冊版,,,0.7241,2026-06-23
N7472MB,破られ続けた約束と、その先にあったもの,False,,,,,,0.0,2026-06-23
N0323LG,私と王女殿下、どちらが大切なのでしょうか？【電子書籍】【コミカライズ企画進行中】,False,,,,,,0.0,2026-06-23
N2020MF,もう、あなたの隣には座りません 〜乳姉妹を「特別」と呼ぶ婚約者へ、最後の挨拶を〜,False,,,,,,0.0,2026-06-23
N9168MH,婚約破棄ですか？では、その真実の愛にかかった費用を精算いたしましょう,False,,,,,,0.0,2026-06-23
N7397ME,幸せな王子,True,B07ZNGCXP7,https://www.amazon.co.jp/dp/B07ZNGCXP7,幸せな王子01,,,0.8333,2026-06-23
N0355MG,妹の婚約式で、私の席だけありませんでした。ですので、家門代表の署名もいたしません,False,,,,,,0.0,2026-06-23
N6093EN,嘆きの亡霊は引退したい　〜最弱ハンターは英雄の夢を見る〜【Web版】,False,,,,,,0.0,2026-06-23
N3332MC,家族のためにすべてを差し出した長女は、婚約者の手を取って家を出る,False,,,,,,0.0,2026-06-23
N4128MD,つまんねー男の「おもしれー女」から、恋が始まるわけねえだろ,False,,,,,,0.0,2026-06-23
N9842KA,【本編完結】王女殿下の華麗なる「ざまぁ」【番外編更新中】,False,,,,,,0.0,2026-06-23
N7327MH,身の程をわきまえなさい。,False,,,,,,0.0,2026-06-23
N0219JU,退役魔法騎士は辺境で宿屋を営業中,True,B0DX12F17R,https://www.amazon.co.jp/dp/B0DX12F17R,退役魔法騎士は辺境で宿屋を営業中　上,,,0.9412,2026-06-23
N6475DB,私、能力は平均値でって言ったよね！,True,B01GRZ8UU8,https://www.amazon.co.jp/dp/B01GRZ8UU8,私、能力は平均値でって言ったよね！　1 (アース・スターノベル),,,0.6939,2026-06-23
N1830MG,攻略組が帰った後から始まるVRMMO　〜イベントに遅れた俺だけが、誰も拾わなかったユニークを見つける〜,False,,,,,,0.0,2026-06-23
N3129JN,【コミカライズ】『白い結婚』の旦那様と紡ぐ、最後の一ヵ月【完結】,True,B0GX2TRV6T,https://www.amazon.co.jp/dp/B0GX2TRV6T,「白い結婚」の旦那様と紡ぐ、最後の一ヵ月　【連載版】: 1 (comic LAKE),,,0.5405,2026-06-23
N5614ME,私は不要とされた～一番近くにいたのは、誰だったのか～,False,,,,,,0.0,2026-06-23
N6282MF,【連載版】無能で役立たずの俺が「お前との婚約は破棄だ！」と言われたら、竜王の娘に「今すぐ結婚してください」と迫られた！？ ～俺、そんなに大したことしてないんですけど？～ ,False,,,,,,0.0,2026-06-23
N7508IQ,公爵家の長女でした,True,B0FH5TJSYF,https://www.amazon.co.jp/dp/B0FH5TJSYF,公爵家の長女でした (メディアワークス文庫),,,0.5806,2026-06-23
N1911MC,神の雷（トール・ハンマー）〜家族を奪われた天才物理学者の逆行転生。未来の知識で四大勢力に復讐する〜,False,,,,,,0.0,2026-06-23
N7998LI,【書籍化・コミカライズ決定】臣下に下賜した元婚約者に、今更なんのご用で？,False,,,,,,0.0,2026-06-23
N2064MI,悪役令嬢はおいしいご飯が食べたいだけ,False,,,,,,0.0,2026-06-23
N7804MF,試し行動の罪,False,,,,,,0.0,2026-06-23
N8486IM,【書籍化・コミカライズ発売中】夫に殺されたはずなのに、二度目の人生がはじまりました,False,,,,,,0.0,2026-06-23
N9747IH,追放配信.com～え？　冤罪で大学を追放された俺が〝公認探索者〟で『社長』ですか？　美人姉妹が秘書についてくる？　またまた御冗談を……え、マジ？～,False,,,,,,0.0,2026-06-23
N0280MF,「放っておけないんだ」と仰るあなたを、私は放っておきます,False,,,,,,0.0,2026-06-23
N3405MD,「君を愛するつもりはない」と言った夫が心変わりをしまして,False,,,,,,0.0,2026-06-23
N6546LZ,戦闘不能のD級覚醒者、ダンジョンで198円のバジルを育てる 〜能力は「土いじり」だけ。10センチの土壁で推し（苗）を守る配信が、疲れた世界をそっと癒やしていく〜,False,,,,,,0.0,2026-06-23
N2267IC,【書籍化・コミカライズ】寝取られ追放された最強騎士団長のおっさん、片田舎で英雄に祭り上げられる,False,,,,,,0.0,2026-06-23
N5456MF,華麗なるオーレ！　淑女なら身に着けておくべきですね！,False,,,,,,0.0,2026-06-23
N6441LP,すべて、お姉様のせいです,False,,,,,,0.0,2026-06-23
N3853HN,私の心はおじさんである【書籍漫画発売中！】,False,,,,,,0.0,2026-06-23
N8139DG,聖女の魔力は万能です,True,B01MUOXWSU,https://www.amazon.co.jp/dp/B01MUOXWSU,聖女の魔力は万能です (カドカワBOOKS),,,0.625,2026-06-23
N5448MF,婚約者の衣装館で「家族同然だから」と無給で働いていましたが、妹を新しい婚約者兼看板娘にするそうなので辞めます。給金も休日もないなら、私は他人です,False,,,,,,0.0,2026-06-23
N9648LZ,ある、葬式の日に,False,,,,,,0.0,2026-06-23
N1561JY,【4/24書籍発売】恋とはどんなものかしら　～当て馬令嬢の場合～【カクヨムコン10大賞】,False,,,,,,0.0,2026-06-23
N5115CQ,最果てのパラディン,True,B07BHKN4YQ,https://www.amazon.co.jp/dp/B07BHKN4YQ,最果てのパラディンＩ (ガルドコミックス),,,0.6,2026-06-23
N5610MF,子爵令嬢の結婚生活は問題が多い　～知らない人と結婚したら王太子でした～,False,,,,,,0.0,2026-06-23
N5638ME,面倒くさがり少女は、王城の大きな豹の世話係　【連載版】,False,,,,,,0.0,2026-06-23
N6672ME,目も表情も死んでいる魔法少女が魔王の前に現れた,False,,,,,,0.0,2026-06-23
N4998GD,【書籍化】転生聖女は友情エンドを目指す！　～腐女子なのに乙女ゲームの世界に転生しちゃいましたが親友キャラとイチャイチャ百合しながら悪役令嬢と派閥抗争してます～,False,,,,,,0.0,2026-06-23
N7628MG,その指輪、彼女に差し上げてください,False,,,,,,0.0,2026-06-23
N1283LT,【書籍化決定】推しヒロインは、転生したモブの俺を独り占めしたいらしい～失恋したヒロインを支えたら徐々に重くなっていった～,False,,,,,,0.0,2026-06-23
N5127MI,就職氷河期オブ・ザ・デッド　～世界は酷い有様だけど、異世界で魔王を倒した用務員のおじさんがモテモテに。なお、世界が救われるかは不明～,False,,,,,,0.0,2026-06-23
N7533GT,勇者パーティを追い出された器用貧乏～パーティ事情で付与術士をやっていた剣士、万能へと至る～【Web版】,True,B0BN9SDVFN,https://www.amazon.co.jp/dp/B0BN9SDVFN,勇者パーティを追い出された器用貧乏　～パーティ事情で付与術士をやっていた剣士、万能へと至る～（５） (シリウスコミックス),,,0.8036,2026-06-23
N3418MB,妹が「お姉様の代わりは務まります」と言うので、婚約者も役目も譲りました。ですが務まらなかったようです【連載版】,False,,,,,,0.0,2026-06-23
N3903MG,役立たずの魔法使いだそうです。攻撃以外も全部やってますが？,False,,,,,,0.0,2026-06-23
N3209FX,転生少女はまず一歩からはじめたい～魔物がいるとか聞いてない！～,True,B08HQK2KZ5,https://www.amazon.co.jp/dp/B08HQK2KZ5,転生少女はまず一歩からはじめたい　1　～魔物がいるとか聞いてない！～ (MFブックス),,,0.8378,2026-06-23
N4285LK,元暗部の英雄、再び暗躍する　～娘のために正体を隠して無双していたら有名になっちゃいました～,False,,,,,,0.0,2026-06-23
N6753LE,微睡みの上に花は咲く～大規模異世界転移、掲示板つき～,False,,,,,,0.0,2026-06-23
N7151MH,すぐに泣いて被害者面する令嬢に制裁を,False,,,,,,0.0,2026-06-23
N5293MD,「跡取りも婚約者も譲ってあげたい」とお姉様がおっしゃったので、喜んで全部奪って差し上げたのに、どうしてそんなに怒るのかしら？,False,,,,,,0.0,2026-06-23
N0083ME,左腕左脚の骨折と全身打撲と引き換えに自由を手に入れた令嬢とその他,False,,,,,,0.0,2026-06-23
N6300HZ,【コミカライズ連載中】落ちこぼれダメ令嬢は溺愛されて生まれ変わります！？〜褒められるのが嬉しくて頑張っていたら規格外の才能が開花しました〜,True,B0DC46S6PZ,https://www.amazon.co.jp/dp/B0DC46S6PZ,落ちこぼれダメ令嬢は溺愛されて生まれ変わります！？～褒められるのが嬉しくて頑張っていたら規格外の才能が開花しました～（コミック）,,,0.8421,2026-06-23
N1439MG,婚約を破棄されたので、心からの祝辞を申し上げます,False,,,,,,0.0,2026-06-23
N7787LA,【書籍化】第八夫人エスメラルダの陰湿,False,,,,,,0.0,2026-06-23
N0350EM,[Web版] 異世界転移、地雷付き。,True,B07N8MFXBW,https://www.amazon.co.jp/dp/B07N8MFXBW,異世界転移、地雷付き。 (ドラゴンノベルス),,,0.55,2026-06-23
N8916LP,間違えて運に極振りしちゃったけど召喚士なら何とかなりますか？　～召喚で出てくる魔物が異常個体ばかりなんですけど！～,False,,,,,,0.0,2026-06-23
N9573ME,王の猫に転生したらしいので、とりあえず寝る。２,False,,,,,,0.0,2026-06-23
N3822HW,【 書籍4巻＆コミック3巻発売中！】転生しました、サラナ・キンジェです。ごきげんよう。,False,,,,,,0.0,2026-06-23
N7120HP,滅亡国家のやり直し　今日から始める軍師生活【SQEXノベル大賞、大賞受賞作品/1.5億PV感謝/書籍版最新刊5巻&amp;コミック2巻好評発売中！コミカライズ毎週月曜更新！】,False,,,,,,0.0,2026-06-23
N7710IP,【4/16コミック1巻発売】側妃になったけど、別に愛さなくていいですよ？ ～他力本願な妃はぐーたらライフを送りたい～,False,,,,,,0.0,2026-06-23
N4743LL,(なぜか)執着してくる勇者様から逃げたい末端令嬢のお話,False,,,,,,0.0,2026-06-23
N4716ME,悪役令嬢と騎士は、格子越しの糸を結ぶ,False,,,,,,0.0,2026-06-23
N7590MH,遠く離れた地で,False,,,,,,0.0,2026-06-23
N2791GD,聖女の魔力は万能です　～ 番外編 ～,True,B07R64P2QK,https://www.amazon.co.jp/dp/B07R64P2QK,聖女の魔力は万能です 4 (カドカワBOOKS),,,0.5714,2026-06-23
N5108MC,初恋の君をお大事に,False,,,,,,0.0,2026-06-23
N4476MH,これが普通なら、獣人と結婚したくないわ～王女様は復讐を始める～,False,,,,,,0.0,2026-06-23
N8433EB,今度は絶対に邪魔しませんっ！,True,B091DGTJ7Y,https://www.amazon.co.jp/dp/B091DGTJ7Y,今度は絶対に邪魔しませんっ! コミック 1-3巻セット,,,0.6341,2026-06-23
N6741KJ,召喚した使い魔が、隣国の氷の皇太子だった,False,,,,,,0.0,2026-06-23
N5061MH,皇帝である夫が魔族に呪われた結果、わたしが部屋から出られない,False,,,,,,0.0,2026-06-23
N3078MG,婚約者がまた病弱な幼なじみのお見舞いへ行ったので、婚約式は私ひとりで終わらせました【連載版】,False,,,,,,0.0,2026-06-23
N2340LW,【書籍発売中】結婚初日、夫から「義理の姉を愛している」と打ち明けられました,False,,,,,,0.0,2026-06-23
N7463HO,【Web版】剣と魔法と学歴社会 〜前世ガリ勉だった俺は今世では風任せに生きる〜,False,,,,,,0.0,2026-06-23
N2862JB,【書籍化・コミカライズ】断罪される公爵令嬢、生まれ変わってラスボスの王妃様の子どもになります,True,B0FS1D4848,https://www.amazon.co.jp/dp/B0FS1D4848,断罪される公爵令嬢、生まれ変わってラスボスの王妃様の子どもになります (Kラノベブックスf),,,0.7391,2026-06-23
N5897MD,箱庭の観測者：1945年の広島にネットスーパーで課金する,False,,,,,,0.0,2026-06-23
N6154LY,【第二部準備中】わたしの特技ですか？　整理整頓です。 ～なんでかお城のお偉いさんがたくさん相談しに来るけど、角を揃えただけなので～,False,,,,,,0.0,2026-06-23
N3524JH,[書籍化決定・第一部・第二部完結]緑の指を持つ娘,False,,,,,,0.0,2026-06-23
N0477ME,妹の方が愛嬌があると言われ続けたので、婚約を辞退しました,False,,,,,,0.0,2026-06-23
N2519MI,世界で一番美しい人を映す鏡が、悪役令嬢の私から離れてくれません,False,,,,,,0.0,2026-06-23
N3268MH,私は忠告しましたよ？,False,,,,,,0.0,2026-06-23
N0669MD,『阿波の泥公方 〜足利の血を呪う少年は、生き延びるために新時代を築く〜』,False,,,,,,0.0,2026-06-23
N4880LR,神の前でその真実の愛を誓えますか？,False,,,,,,0.0,2026-06-23
N7083LF,マリアンデール　～地味令嬢だったけど、記憶喪失になったらオソロシー女になったらしい～,False,,,,,,0.0,2026-06-23
N3663LZ,知らない間にメンバーから激重感情を抱かれて帰れないダンジョン探索録,False,,,,,,0.0,2026-06-23
N1913KJ,【書籍化・コミカライズ】選ばれなかった私とあなた、だけれど〜棄てられた私と不遇の王子様が幸せな夫婦になるまで〜,False,,,,,,0.0,2026-06-23
N5822MI,聖女様とお呼び,False,,,,,,0.0,2026-06-23
N2794MH,今日も明日も見て見ぬ振りを,False,,,,,,0.0,2026-06-23
N6518LX,モラハラ婚約者があまりにも酷いので、やり返すことにした【連載版】,False,,,,,,0.0,2026-06-23
N8997MF,超毒舌グルメVTuberは俺の飯だけ星一千万〜隣の無口美少女を料亭仕込みの家庭料理で餌付けしていたら、毎晩ごはんをねだられるようになった〜,False,,,,,,0.0,2026-06-23
N1120IN,【コミカライズ連載中】ドアマットヒロインは速攻終了いたします！【GOマンガ原作者大賞受賞作】,False,,,,,,0.0,2026-06-23
N1750ME,いつかやらかすと言ったでしょ,False,,,,,,0.0,2026-06-23
N5602MF,俺は魔王じゃねえ！　～転生董卓の悪名返上記～,False,,,,,,0.0,2026-06-23
N7830ME,「このペンを一万金貨で売れなければ婚約破棄だ！」と言われたので、価値の分かる王宮へ持ち込みました　〜亡き王妃様の遺品だったため、婚約者は断罪されました〜,False,,,,,,0.0,2026-06-23
N5763HC,永年雇用は可能でしょうか,True,B0BNKH6SVL,https://www.amazon.co.jp/dp/B0BNKH6SVL,永年雇用は可能でしょうか,,,1.0,2026-06-23
N6735JL,転生したオバサンは、枯れヒロイン目指して仕事に生きます！,True,B0H2YVKKFF,https://www.amazon.co.jp/dp/B0H2YVKKFF,【合本版1-3巻】転生したオバサンは、枯れヒロイン目指して仕事に生きます！ (Celicaノベルス),,,0.7179,2026-06-23
N5213ME,婚約破棄された悪役令嬢の魔導列車 〜揺れる馬車旅が嫌なので、【白銀列車】という走る豪華ホテルで暮らします〜,False,,,,,,0.0,2026-06-23
N0015MF,婚約破棄の前に足元をご確認ください,False,,,,,,0.0,2026-06-23
N0973MH,幼馴染の公爵令嬢が婚約破棄されたので支えていたら、なぜか王配になりました,False,,,,,,0.0,2026-06-23
N4359MC,「真実の愛」を目撃した王太子夫妻の見解,False,,,,,,0.0,2026-06-23
N9281LV,【6/5完結】就職先が倒産したので牧場を継いだら、俺だけ馬の声が聞こえるようになりました,False,,,,,,0.0,2026-06-23
N0611EM,【アニメ２期放送中！】陰の実力者になりたくて！【web版】,False,,,,,,0.0,2026-06-23
N5950MC,ある日、TS金髪サキュバス系美少女になった俺はVRMMO世界を《捕食》スキルで無双する,False,,,,,,0.0,2026-06-23
N3112MC,【第2章開始】「お前を愛することはない」と言われたので、労働対価に食事を要求します（連載版）,False,,,,,,0.0,2026-06-23
N2969LW,[6/25電子書籍配信予定]　私を無視する貴方　　捨てる準備を始めました,False,,,,,,0.0,2026-06-23
N4312KW,【書籍化】拝啓、元婚約者様　捨てた私のことはお構いなく,False,,,,,,0.0,2026-06-23
N7481GN,死に戻りの魔法学校生活を、元恋人とプロローグから （※ただし好感度はゼロ）　【＃死にプロ】,True,B0GJ13K5YL,https://www.amazon.co.jp/dp/B0GJ13K5YL,死に戻りの魔法学校生活を、元恋人とプロローグから ７　（※ただし好感度はゼロ） (ＦＬＯＳ　ＣＯＭＩＣ),,,0.7835,2026-06-23
N6327ME,横取り女、地に堕ちる,False,,,,,,0.0,2026-06-23
N6238MD,【第二章完結】追放された宮廷女医は身体の嘘を見逃さない ～その病、この世界の誰にも治せませんが私は知っています～,False,,,,,,0.0,2026-06-23
N3394GQ,続・逃がした魚は大きかったが釣りあげた魚が大きすぎた件【WEB版】,True,B09BJP8M6N,https://www.amazon.co.jp/dp/B09BJP8M6N,逃がした魚は大きかったが釣りあげた魚が大きすぎた件 (デジタル版SQEXノベル),,,0.7123,2026-06-23
N3581FH,目覚めたら最強装備と宇宙船持ちだったので、一戸建て目指して傭兵として自由に生きたい,True,B086WSC9ZP,https://www.amazon.co.jp/dp/B086WSC9ZP,目覚めたら最強装備と宇宙船持ちだったので、一戸建て目指して傭兵として自由に生きたい 1 (MFC),,,0.9111,2026-06-23
N0354MG,私の婚約者は、最近どこか様子がおかしい,False,,,,,,0.0,2026-06-23
N7243ME,病児の看病をやり遂げて死んだ私が病児の姉に生まれ変わった話,False,,,,,,0.0,2026-06-23
N5205MD,嘘告の代償,False,,,,,,0.0,2026-06-23
N2271MI,メンヘラオジサン42歳。戦国時代の薩摩川内の庄屋の八男に生まれ変わる。二度目の人生は飯と知識で成り上がる。★37.4万PV達成,False,,,,,,0.0,2026-06-23
N7222FF,聖女じゃなかったので、王宮でのんびりご飯を作ることにしました,True,B07WZWN5VY,https://www.amazon.co.jp/dp/B07WZWN5VY,聖女じゃなかったので、王宮でのんびりご飯を作ることにしました (カドカワBOOKS),,,0.8333,2026-06-23
N5196HP,竜亡き星のルシェ・ネル,False,,,,,,0.0,2026-06-23
N4997LY,気付けばいつも傍に貴方がいる,False,,,,,,0.0,2026-06-23
N5156MD,私を欠陥品と呼ぶ執事長が鬱陶しいので、侯爵夫人として排除することにしました,False,,,,,,0.0,2026-06-23
N5481LD,夏颯記,False,,,,,,0.0,2026-06-23
N9619HU,バスタード・ソードマン,True,B0C5C94M7Z,https://www.amazon.co.jp/dp/B0C5C94M7Z,バスタード・ソードマン,,,1.0,2026-06-23
N7583DE,自動販売機に生まれ変わった俺は迷宮を彷徨う,True,B0BYR5LJFF,https://www.amazon.co.jp/dp/B0BYR5LJFF,自動販売機に生まれ変わった俺は迷宮を彷徨う,,,1.0,2026-06-23
N6577MD,【書籍化・コミカライズ進行中】３才児ですが可愛い花嫁がやってきた！と溺愛されてます。しかし私は敵国の最強魔法帝です,False,,,,,,0.0,2026-06-23
N2567KB,【書籍、電子書籍発売中】この結婚が終わる時,False,,,,,,0.0,2026-06-23
N6893ME,夫の不貞を暴露したのは、彼の愛人の息子だった～テンプレ通り夫は捨て、息子を拾って育てることにします～,False,,,,,,0.0,2026-06-23
N1208MD,おこりんぼ聖女を召喚したら,False,,,,,,0.0,2026-06-23
N1097ME,ツンデレは親にとっては、ただのイジメっこ。もしくはストーカー,False,,,,,,0.0,2026-06-23
N3742EY,ご主人様とゆく異世界サバイバル！,True,B07RWS1RM9,https://www.amazon.co.jp/dp/B07RWS1RM9,ご主人様とゆく異世界サバイバル！ 1 (GCノベルズ),,,0.7442,2026-06-23
N1976EY,俺は星間国家の悪徳領主！,True,B09HTVC37R,https://www.amazon.co.jp/dp/B09HTVC37R,俺は星間国家の悪徳領主！ 1 (ガルドコミックス),,,0.6486,2026-06-23
N8802BQ,八男って、それはないでしょう！　,True,B015DS7NL2,https://www.amazon.co.jp/dp/B015DS7NL2,八男って、それはないでしょう！　１ (MFC),,,0.8205,2026-06-23
N8745HM,【漫画版 配信！】魔力量歴代最強な転生聖女さまの学園生活は波乱に満ち溢れているようです～王子さまに悪役令嬢とヒロインぽい子たちがいるけれど、ここは乙女ゲー世界ですか？～,False,,,,,,0.0,2026-06-23
N0326LM,他人の婚約破棄と枠外の“僕”と“婚約者殿”,False,,,,,,0.0,2026-06-23
N0867KG,やんでれ？　何ですのそれ？,False,,,,,,0.0,2026-06-23
N0962MH,「すぐ戻る」と幼馴染の元へ走った夫を、私は笑顔で見送りました,False,,,,,,0.0,2026-06-23
N1729LV,エルフ王は唯一むに！　～隠居して趣味で刀作りにハマったら、僕、いつのまにか創剣神と呼ばれてた？～,False,,,,,,0.0,2026-06-23
N0084ME,今日踏み出すのは、幸せへの一歩,False,,,,,,0.0,2026-06-23
N0086MI,【連載版】攻略組が帰った後から始まるVRMMO　〜イベントに遅れた俺だけが、誰にも拾われなかったユニークを見つける〜 ,False,,,,,,0.0,2026-06-23
N0174GY,【12/8 書籍 最終巻 発売】ゴブリン令嬢と転生貴族が幸せになるまで　　婚約者の彼女のための前世知識の上手な使い方,False,,,,,,0.0,2026-06-23
N1021JU,魅了を捨てた悪役令嬢は、他の魅力で無双する,False,,,,,,0.0,2026-06-23
N1795JX,伯爵令嬢は最強の平民に嫁ぎます～お父様の命の恩人はただの平民でしたが、王を救って今は騎士。いずれは騎士団長に成り上がると噂の美男です。自分が嫁ぎたかった？残念、もう遅くてよ？～,False,,,,,,0.0,2026-06-23
N2052MC,人質王女は幼馴染の国王の執着から逃れられない,False,,,,,,0.0,2026-06-23
N2366MI,「病弱な幼馴染の所に足繫く通う婚約者と掛けまして、底の抜けたバケツと説きます」,False,,,,,,0.0,2026-06-23
N3267MI,浮気が些細な遊びと仰るのなら、誰の前でも続けられますよね？,False,,,,,,0.0,2026-06-23
N3381MA, 解析スキル「アナライズ」でチートだけど、私は鑑定士なので受付嬢と冒険者はお断りです！～呪いの兎型アーティファクトを添えて～,False,,,,,,0.0,2026-06-23
N3418MC,【連載版・完結済】婚約破棄＆追放された悪役令嬢、辺境村でまったり錬金術生活（元勇者家政夫＆その娘の女児付き）,False,,,,,,0.0,2026-06-23
N3509ME,「お前を愛するつもりはない!」「どんな教育を受けてきたんですか?」,False,,,,,,0.0,2026-06-23
N3586MI,これも真実の愛の一種ではないでしょうか,False,,,,,,0.0,2026-06-23
N3865MI,妹が聖女を名乗り始めたので止めたのですが、誰も信じてくれませんでした。,False,,,,,,0.0,2026-06-23
N4545IJ,【Web版】旦那様、離縁はOKですがスローライフは継続希望です！～忌み嫌われた能力は、実は聖女よりも万能でした～【コミカライズ①巻7/31発売決定、書籍②巻発売中】,False,,,,,,0.0,2026-06-23
N5105LX,悪役令嬢、『ざまあ』のち、タイプの男を捕まえる！,False,,,,,,0.0,2026-06-23
N5111MI,政略婚約のはずですが、侯爵令息が私の選んだ忘れな草しか胸に飾ってくれません,False,,,,,,0.0,2026-06-23
N5427LU,笑って許す……わけねーだろー　前座のモブ令嬢が卒業パーティの主役をさらってしまった件,False,,,,,,0.0,2026-06-23
N6217MI,【連載版】夜会で「婚約破棄しよう」という常套句に呆れて振り返ったら、双子の愚兄だった件。,False,,,,,,0.0,2026-06-23
N6309MI,婚約破棄されたので、王家の魔導AIに「私が幸せになる最適解」を聞いたら、まず王太子を見捨てろと言われました,False,,,,,,0.0,2026-06-23
N6339MG,もし応仁の乱が起きなかったら？ 〜日本を世界最速の大航海時代へ導く〜,False,,,,,,0.0,2026-06-23
N6574MI,父さんな、純愛で食っていこうと思うんだ,False,,,,,,0.0,2026-06-23
N6686MI,婚約破棄された令嬢の専属侍女ですが、辞職願を出したら王宮が回らなくなったそうです,False,,,,,,0.0,2026-06-23
N6891GQ,我輩は猫魔導師である！  〜キジトラ・ルークの快適ネコ生活〜,True,B0H38PR1KG,https://www.amazon.co.jp/dp/B0H38PR1KG,我輩は猫魔導師である～キジトラ・ルークの快適チート猫生活～（サーガフォレスト）９,,,0.6571,2026-06-23
N7176ME,私が死んだと信じている旦那様へ、今日も別人として花屋の店番をしております ,False,,,,,,0.0,2026-06-23
N7333MI,事故物件の地縛霊が、転生先までついてきた件,False,,,,,,0.0,2026-06-23
N7500MI,あたしのために争ってちょうだい　～追放された聖女は幸せを負け取る,False,,,,,,0.0,2026-06-23
N7857MH,獣人のフェロモンと魅了魔法についての考察,False,,,,,,0.0,2026-06-23
N8183MI,同棲初日に恋人の幼馴染が当然のように住み始めたので、別れて幸せになりました,False,,,,,,0.0,2026-06-23
N8594MI,『仕事のできない無愛想では侯爵夫人は務まらない』と言われたので退職しました。婚約も解消するので引き留めないでください,False,,,,,,0.0,2026-06-23
N8617MI,最高の席で、断罪を。,False,,,,,,0.0,2026-06-23
N8653LD,若奥様の真面目過ぎる侍女は正論で無双する,False,,,,,,0.0,2026-06-23
N8729MG,四人目の被害者になりました。五人目は阻止したいと思います！,False,,,,,,0.0,2026-06-23
N9212MI,「お願い、貸して？」それは返す人が言う言葉ですよ,False,,,,,,0.0,2026-06-23
N9381MI,就職先の人間関係がブラックだったので、立つ鳥跡を濁してみました,False,,,,,,0.0,2026-06-23
N0076LW,『お前のような悪女は死罪だ！』と婚約破棄されたので、自ら毒杯を仰ぎました。〜三年後、辺境で薬師としてスローライフを満喫していたら、なぜか国中が私の死を悼み、元婚約者の王太子が廃人寸前になっています〜,False,,,,,,0.0,2026-06-23
N0236MJ,他称『魔王の国』をめぐる,False,,,,,,0.0,2026-06-23
N0867IE,悪役令嬢、断罪前緊急３６時間　【コミカライズ】,True,B0DBP6KGQK,https://www.amazon.co.jp/dp/B0DBP6KGQK,悪役令嬢、断罪前緊急36時間,,,0.6486,2026-06-23
N1244MI,「お前を愛することはない」と白い結婚にされたので、愛してくれる人を連れ込んでみました,False,,,,,,0.0,2026-06-23
N1513MH,新人の奴隷剣闘士に憑依転生したら俺だけRPGだったので成り上がる 〜カエサルとスパルタクス、あと俺〜,False,,,,,,0.0,2026-06-23
N1865LT,あっそれおばあさまもよく言ってましたよ！,False,,,,,,0.0,2026-06-23
N1974MH,夫が屋敷に連れ込んだ女は、これで二十三人目。離縁されても文句はありませんよね？　ついでに一発だけ殴らせてください,False,,,,,,0.0,2026-06-23
N1980EN,領民0人スタートの辺境領主様,True,B097271GV3,https://www.amazon.co.jp/dp/B097271GV3,コミック版 領民0人スタートの辺境領主様　コミック　1-5巻セット,,,0.5957,2026-06-23
N2069HS,山、買いました　～異世界暮らしも悪くない～,True,B0DPXPV57V,https://www.amazon.co.jp/dp/B0DPXPV57V,山、買いました ～異世界暮らしも悪くない～,,,0.9524,2026-06-23
N2269MI,金曜日の魔法,False,,,,,,0.0,2026-06-23
N2429LN,何か、勘違いしてません？,False,,,,,,0.0,2026-06-23
N2621MC,私を断頭台へ送った旦那様、二度目の婚約式でさようなら,False,,,,,,0.0,2026-06-23
N2821MD,君を愛することもある,False,,,,,,0.0,2026-06-23
N3185MC,最初からここに私の居場所はなかった,False,,,,,,0.0,2026-06-23
N3191EH,乙女ゲー世界はモブに厳しい世界です,True,B07D9BXHL4,https://www.amazon.co.jp/dp/B07D9BXHL4,乙女ゲー世界はモブに厳しい世界です 1 (GCノベルズ),,,0.7556,2026-06-23
N3266IQ,【電子書籍化・コミカライズ】さようなら、私の冷遇生活～パーティーで声をかけてきたのがヤバい男だった件～,False,,,,,,0.0,2026-06-23
N3313MF,何となく婚約破棄されたわたくしに全てが委ねられた,False,,,,,,0.0,2026-06-23
N3430MI,私を虐めてきた義弟に復讐します,False,,,,,,0.0,2026-06-23
N3905IU,王女殿下の幼馴染の女性騎士は意外とつぶしが利く,False,,,,,,0.0,2026-06-23
N4097MH,ハッピーエンドを回避する方法,False,,,,,,0.0,2026-06-23
N4192GB,未実装のラスボス達が仲間になりました。,True,B08ND6TRH5,https://www.amazon.co.jp/dp/B08ND6TRH5,未実装のラスボス達が仲間になりました。,,,1.0,2026-06-23
N4221FQ,【連載版】まだ早い！！,False,,,,,,0.0,2026-06-23
N4522MG,聖女様の奇跡を支えるだけの侍女と言われました。では、祈祷台帳から私の名前を消します,False,,,,,,0.0,2026-06-23
N4776MF,私を殺そうとした元婚約者――その弟に求婚したら、なぜか即答で「はい」と言われました,False,,,,,,0.0,2026-06-23
N4895DF,竜の子を産んだら離縁されたので森で隠居することにしました,True,B08TM17QL2,https://www.amazon.co.jp/dp/B08TM17QL2,竜の子を産んだら離縁されたので 森で隠居することにしました,,,0.9825,2026-06-23
N5032LH,神様のミスで死んだので、神獣もふもふと異世界インターネットで快適スローライフ始めます ～最強生活チートと1000万ポイントでポチりまくり！～,False,,,,,,0.0,2026-06-23
N5157HE,短編「うちの娘が、第三王子に嫁ぐらしい」,False,,,,,,0.0,2026-06-23
N5205HI,【Web版】死ぬ運命にある悪役令嬢の兄に転生したので、妹を育てて未来を変えたいと思います～世界最強はオレだけど、世界最カワは妹に違いない～,True,B0CF533GNW,https://www.amazon.co.jp/dp/B0CF533GNW,死ぬ運命にある悪役令嬢の兄に転生したので、妹を育てて未来を変えたいと思います 1　～世界最強はオレだけど、世界最カワは妹に違いない～ (オーバーラップノベルス),,,0.8456,2026-06-23
N5332MI,疫病の夜、誰の名を呼びましたか,False,,,,,,0.0,2026-06-23
N5363MI,ハズレスキル【家事代行《ハウスキーパー》】で公爵家の仕事全てを代わりにやってた私を捨てるんですか？～実は家事するだけでバフが付くスキルで作った宿が、泊まるだけでレベルアップの恩恵があると大繁盛,False,,,,,,0.0,2026-06-23
N5405KP,【書籍化、コミカライズ決定】婚約破棄された私、目覚めたら隣に婚約破棄された侯爵様が眠っていた,False,,,,,,0.0,2026-06-23
N5647LT,『婚約者を大好きな自分』を演じてきた侯爵令嬢、自立しろと言われたので、好き勝手に生きていくことにしました,False,,,,,,0.0,2026-06-23
N6085MA,心の中で婚約者を殺してでも,False,,,,,,0.0,2026-06-23
N6237MI,「交換しましょう」と言う双子の妹に、名前も人生もすべて交換してあげることにしました。探さないでください。,False,,,,,,0.0,2026-06-23
N6831FW,【コミカライズ】旦那様の好きな人,False,,,,,,0.0,2026-06-23
N6855JS,【コミカライズ】さようなら、私の初恋。,False,,,,,,0.0,2026-06-23
N6860DT,異世界でのんびり癒し手はじめます～毒にも薬にもならないから転生したお話,True,B082C6RJ4F,https://www.amazon.co.jp/dp/B082C6RJ4F,異世界でのんびり癒し手はじめます　～毒にも薬にもならないから転生したお話～　３ (アリアンローズ),,,0.8333,2026-06-23
N6997MG,やさしい国の、やさしい婚約破棄、でも死刑。,False,,,,,,0.0,2026-06-23
N7124MI,義妹で病弱でお邪魔な私,False,,,,,,0.0,2026-06-23
N7159MI,茶飲み令嬢、校庭で王子に愛を叫ばれる,False,,,,,,0.0,2026-06-23
N7408LZ,貧乏冒険者で底辺配信者の生きる希望もないおっさんバズる～庭のＦランク（実際はＳＳＳランク）ダンジョンで活動すること１５年、最強になりました～,False,,,,,,0.0,2026-06-23
N7645LW,悪役令息が勘当された直後にTSするどうしようもない話し。,False,,,,,,0.0,2026-06-23
N7828MI,ちびっこ殿下の大激怒,False,,,,,,0.0,2026-06-23
N7975CR,蜘蛛ですが、なにか？,True,B01914HJDG,https://www.amazon.co.jp/dp/B01914HJDG,蜘蛛ですが、なにか？ (カドカワBOOKS),,,0.625,2026-06-23
N8208JZ,【完結】【連載版】義姉の身代わりで恐怖の公爵に嫁いだ娘が男前すぎる～身代わり娘の英雄譚～,False,,,,,,0.0,2026-06-23
N8406BM,戦国小町苦労譚,False,,,,,,0.0,2026-06-23
N8679LG,「彼女は死にました。」私はあなたの子を産みません。,False,,,,,,0.0,2026-06-23
N8816IW,【書籍化】離婚するつもりだった。（連載版・WEB版）【コミカライズ】,False,,,,,,0.0,2026-06-23
N8956MI,父と娘の亡国RTA,False,,,,,,0.0,2026-06-23
N9053MH,彼女の微笑み,False,,,,,,0.0,2026-06-23
N9318MF,たとえ信頼されていても確認はして下さいね,False,,,,,,0.0,2026-06-23
N9342LZ,告白の重さ〜王太子に選ばれた代償〜,False,,,,,,0.0,2026-06-23
N9376MI,善人ぶる婚約者が、いつも私だけを悪者に仕立て上げるので、もう我慢するのをやめました【連載版】,False,,,,,,0.0,2026-06-23
N9404HR,【6/17コミック③】薬売りの聖女　～冤罪で追放された薬師は、辺境の地で幸せを掴む～【ノベル2巻発売中】,True,B0D63L6B92,https://www.amazon.co.jp/dp/B0D63L6B92,薬売りの聖女 (1)　～冤罪で追放された薬師は、辺境の地で幸せを掴む～ (ＦＬＯＳ　ＣＯＭＩＣ),,,0.62,2026-06-23
N9490KD,可愛い双子の子育てと契約妻は今日で終了予定です【書籍発売中＆漫画カドコミ連載中】,False,,,,,,0.0,2026-06-23
N9584KC,【書籍化＆コミカライズ】私は悪役令嬢らしいので、ラスボスを愛でる係になることにしました,False,,,,,,0.0,2026-06-23
N9664MC,転生先は戦国時代でした。ただそろきゃんして、おいしくウィンナー食べたいだけだったのに,False,,,,,,0.0,2026-06-23
N9837MI,婚約破棄の事前審査窓口を開設したところ、おやめになる方が続出しています,False,,,,,,0.0,2026-06-23
N9994MI,君のためでもあるんだ,False,,,,,,0.0,2026-06-23
N0120MJ,ずるいずるいと言う義妹にみんなが同調してきます,False,,,,,,0.0,2026-06-23
N0433LR,人間不審の王太子の側近は、心の声が賑やかな令嬢が可愛くて仕方がない,False,,,,,,0.0,2026-06-23
N0445ID,【書籍化】行き遅れ令嬢が領地経営に奔走していたら立て直し公に愛されました,True,B0FF3NDX7T,https://www.amazon.co.jp/dp/B0FF3NDX7T,行き遅れ令嬢が領地経営に奔走していたら立て直し公に愛されました,,,0.9254,2026-06-23
N1139MJ,王太子に裏切られた公爵令嬢の心に突き刺さった刃は、新しい婚約者が優しく溶かしてくれました。,False,,,,,,0.0,2026-06-23
N1959MJ,この呪い、あなたのせいなんですよ？婚約破棄されたので、殿下に返却します,False,,,,,,0.0,2026-06-23
N2328MJ,夫が戦地から女性を連れて帰ってきたので身を引こうとしたけれど、二人の様子がどうもおかしい,False,,,,,,0.0,2026-06-23
N2458KE,異世界帰りの魔法少女（男）、ダンジョンを踏破する,False,,,,,,0.0,2026-06-23
N3307KF,こちら、『信じて送り出した勇者パーティが魔王に生き血を搾られて絶命する結晶映像レター』となります。,False,,,,,,0.0,2026-06-23
N3337MC,妹に奪われたので、兄にしました,False,,,,,,0.0,2026-06-23
N3508MI,王子「よくある婚約破棄ものって現実にやったらどうなるんだ？」婚約者令嬢「いい質問ですわね。王国の信用が死にますわ！」,False,,,,,,0.0,2026-06-23
N3578JF,【コミック版連載中】追放系の悪役パーティのリーダーに転生したので、ざまぁされる前に自分を追放しました。～スキルを奪う『スティール』って悪役過ぎるけど強すぎる～,False,,,,,,0.0,2026-06-23
N3850MH,若い令嬢に婚約者を奪われた「おばさん令嬢」が掴んだ幸せ,False,,,,,,0.0,2026-06-23
N4104LB,選ばれなかった私は、残された時間を自由に生きます,False,,,,,,0.0,2026-06-23
N4860ME,婚約者より友人が大切と言う婚約者,False,,,,,,0.0,2026-06-23
N4975MI,卒業舞踏会での婚約破棄が多すぎるので、王宮式典局は対応要領を整備しました,False,,,,,,0.0,2026-06-23
N5246MI,婚約者様、お宅の妹やらかしてますよ〜こちらは撤収しますので後始末はそちらでお願いします〜,False,,,,,,0.0,2026-06-23
N5499MI,”キャサリンの地味版”と言われたマリアの決意,False,,,,,,0.0,2026-06-23
N5982MI,【番外編】浮気相手の子を「育てろ」と押しつけられたので、罪のない少女は丁重に育てつつ、夫だけを優雅に制裁することにしました,False,,,,,,0.0,2026-06-23
N6781LV,処刑フラグを折ったのは,False,,,,,,0.0,2026-06-23
N7071MH,王宮結界樹の管理を解任されたので田舎で暮らします。私を追いかけてきたのは王子ではなく結界樹でした,False,,,,,,0.0,2026-06-23
N9061MG,予知能力で彼女を寝取られる未来を見た ～諦めて他のSS級美少女たちを救ってたら、なぜか執着され始めた件～,False,,,,,,0.0,2026-06-23
N9625MI,姉の罠で愛する人から憎まれ、牢獄に入れられた結果、聖女として覚醒しました。では、きっちり仕返しさせていただきます。,False,,,,,,0.0,2026-06-23
N9942LX,悪役令嬢に転生した私に、ヒロインが「いっそ死んだほうがましではありませんか」と言い放った,False,,,,,,0.0,2026-06-23
